,lastBuildDate,total,start,display,items
0,"Sat, 05 Jun 2021 20:46:22 +0900",1234428,1,100,"{'title': ""'아이오닉' 대신 '넥쏘'…차 반도체 국산화율 2%"", 'originallink': 'https://news.sbs.co.kr/news/endPage.do?news_id=N1006344681&plink=ORI&cooper=NAVER', 'link': 'https://news.naver.com/main/read.nhn?mode=LSD&mid=sec&sid1=101&oid=055&aid=0000898815', 'description': ""<b>현대차</b>는 전기차 '아이오닉5' 생산이 지연되자 수소차인 '넥쏘'로 바꿔서 출고하면 100만 원을 할인해주는... 8년간 8백억 원을 투자해 지금은 <b>현대차</b> 등 완성차 업체에 납품하고 있습니다. [김경수/차량용 반도체 업체 대표... "", 'pubDate': 'Sat, 05 Jun 2021 20:25:00 +0900'}"
1,"Sat, 05 Jun 2021 20:46:22 +0900",1234428,1,100,"{'title': ""5일, 산업도시 울산서 이낙연 지지모임 '내 삶을 지켜주는 나라, 신복지울산포..."", 'originallink': 'http://www.straightnews.co.kr/news/articleView.html?idxno=107728', 'link': 'http://www.straightnews.co.kr/news/articleView.html?idxno=107728', 'description': '전 <b>현대차</b> 노조위원장, 오인규 장애인총연합회장 등이 참석해 이낙연 전 대표 지지세력 확대에 힘을 보탰다. 신복지울산포럼 수석상임대표는 심규명 민주당 남구갑지역위원(변호사)이 맡았으며, 상임대표로는 울산시의회... ', 'pubDate': 'Sat, 05 Jun 2021 18:06:00 +0900'}"
2,"Sat, 05 Jun 2021 20:46:22 +0900",1234428,1,100,"{'title': ""이낙연, 그린뉴딜 핵심사업에'낙동강 살리기'채택...공공의료체계 확립 약속 ..."", 'originallink': 'http://www.mrepublic.co.kr/news/articleView.html?idxno=91634', 'link': 'http://www.mrepublic.co.kr/news/articleView.html?idxno=91634', 'description': '전 <b>현대차</b> 노조위원장, 오인규 장애인총연합회장 등이 참석했다. 신복지울산포럼 수석상임대표는 심규명 민주당 남구갑지역위원(변호사)이 맡았으며, 상임대표로는 울산시의회 박병석 의장을 비롯해 윤인섭 변호사... ', 'pubDate': 'Sat, 05 Jun 2021 17:02:00 +0900'}"
3,"Sat, 05 Jun 2021 20:46:22 +0900",1234428,1,100,"{'title': '<b>현대차</b>그룹, 하반기 반도체ㆍ임단협 파고 넘을까', 'originallink': 'https://www.dnews.co.kr/uhtml/view.jsp?idxno=202106031323030750516', 'link': 'https://www.dnews.co.kr/uhtml/view.jsp?idxno=202106031323030750516', 'description': '<b>현대차</b>ㆍ기아는 지난달 내수 시장에서 당초 우려했던 반도체 보릿고개가 현실화하며 직격타를 입었지만... 3일 업계에 따르면 <b>현대차</b>는 지난달 글로벌 32만3129대를 판매해 지난해 같은 기간보다 42.7% 증가했으며... ', 'pubDate': 'Sat, 05 Jun 2021 16:42:00 +0900'}"
4,"Sat, 05 Jun 2021 20:46:22 +0900",1234428,1,100,"{'title': '국산차는 뒷걸음질치는데…진격의 외제차, 내수 판매 늘며 질주', 'originallink': 'https://www.dnews.co.kr/uhtml/view.jsp?idxno=202106031104486090487', 'link': 'https://www.dnews.co.kr/uhtml/view.jsp?idxno=202106031104486090487', 'description': '5% 증가 벤츠ㆍBMW 2강 체제 굳건…폭스바겐ㆍ볼보ㆍ지프 추격 <b>현대차</b>ㆍ기아 등 완성차 5사 모두... 당초 우려했던 ‘5월 보릿고개’가 현실화하며 <b>현대차</b>ㆍ기아가 아산공장과 울산 5공장 2라인 등 일부... ', 'pubDate': 'Sat, 05 Jun 2021 16:42:00 +0900'}"
5,"Sat, 05 Jun 2021 20:46:22 +0900",1234428,1,100,"{'title': '울산서 이낙연 자발적 지지모임들 힘모아 출범', 'originallink': 'http://www.kndaily.co.kr/news/articleView.html?idxno=197636', 'link': 'http://www.kndaily.co.kr/news/articleView.html?idxno=197636', 'description': '전 <b>현대차</b> 노조위원장, 오인규 장애인총연합회장 등이 참석해 이낙연 전 대표 지지세력 확대에 힘을 보탰다. 신복지울산포럼 수석상임대표는 심규명 민주당 남구갑지역위원(변호사)이 맡았으며, 상임대표로는 울산시의회... ', 'pubDate': 'Sat, 05 Jun 2021 16:26:00 +0900'}"
6,"Sat, 05 Jun 2021 20:46:22 +0900",1234428,1,100,"{'title': '[Style] 레저열풍이 연 픽업트럭 시대', 'originallink': 'http://www.fntimes.com/html/view.php?ud=202106051411193920dd55077bc2_18', 'link': 'http://www.fntimes.com/html/view.php?ud=202106051411193920dd55077bc2_18', 'description': '<b>현대차</b>, 브랜드 최초 싼타크루즈로 미국 시장 공략 나서 <b>현대차</b>도 브랜드 최초의 픽업트럭 ‘싼타크루즈’를 공개했다. 싼타크루즈는 <b>현대차</b> 미국 앨라배마 공장에서 생산하는 모델로, 국내 출시가 예정된 차량은... ', 'pubDate': 'Sat, 05 Jun 2021 14:16:00 +0900'}"
7,"Sat, 05 Jun 2021 20:46:22 +0900",1234428,1,100,"{'title': ""<b>현대차</b> 파키스탄 현대 니샤트, 車 반도체칩 부족 '투싼 예약 중단'"", 'originallink': 'http://www.g-enews.com/ko-kr/news/article/news_all/2021060513223544370d88486204_1/article.html', 'link': 'http://www.g-enews.com/ko-kr/news/article/news_all/2021060513223544370d88486204_1/article.html', 'description': '5일 현지 매체 인크팍에 따르면 파키스탄 <b>현대차</b> 조립회사 현대 니샤트(NISHAT)가 차량용 반도체칩 부족으로 투싼의 예약을 일시 중단한다. 이는 신종 코로나바이러스 감염증(코로나19)으로 차량용 반도체칩 수요에 차질이... ', 'pubDate': 'Sat, 05 Jun 2021 13:26:00 +0900'}"
8,"Sat, 05 Jun 2021 20:46:22 +0900",1234428,1,100,"{'title': '[주말N수학] 당신을 속도의 세계로 초대합니다', 'originallink': 'http://www.dongascience.com/news/view/47018', 'link': 'https://news.naver.com/main/read.nhn?mode=LSD&mid=sec&sid1=105&oid=584&aid=0000014541', 'description': '그가 극 중에서 상대 배우인 루카스 블랙에게 ‘내가 너한테 현대자동차(<b>현대차</b>)를 타게 할 줄 알았어’라고 말해 화제가 됐습니다. 이때까지 <b>현대차</b>는 레이스를 위한 차를 생산하지 못하고 있었기 때문입니다. 이들은... ', 'pubDate': 'Sat, 05 Jun 2021 12:01:00 +0900'}"
9,"Sat, 05 Jun 2021 20:46:22 +0900",1234428,1,100,"{'title': '이주의 주식시장은? 계속되는 정치테마주 강세 속 이준석 합류, 대한전선·두...', 'originallink': 'http://www.ggilbo.com/news/articleView.html?idxno=850909', 'link': 'http://www.ggilbo.com/news/articleView.html?idxno=850909', 'description': '<b>현대차</b>와 한국GM 공장이 재가동되며 대동기어가 상한가를 달성했다. <b>현대차</b>는 지난 27일 차량용 반도체 부품 재공급으로 아산공장에서 자동차 제조를 재개했다. 반도체 부품 부족으로 생산량을 50% 수준으로... ', 'pubDate': 'Sat, 05 Jun 2021 11:40:00 +0900'}"
10,"Sat, 05 Jun 2021 20:46:22 +0900",1234428,1,100,"{'title': '창설 60주년, 산업보안 강화하는 국정원··· 문 대통령 “이름없는 별들의 ...', 'originallink': 'http://www.ddaily.co.kr/news/article.html?no=215576', 'link': 'https://news.naver.com/main/read.nhn?mode=LSD&mid=sec&sid1=105&oid=138&aid=0002104589', 'description': '국정원은 삼성, SK, LG, <b>현대차</b>, 포스코 등 주요 대기업들 대다수가 참여하는 한국산업보안한림원(이하 한림원) 설립을 주도했다. 국가 핵심기술을 가진 기업을 대상으로 해킹 및 산업스파이 활동이 활발해짐에 따라 기업... ', 'pubDate': 'Sat, 05 Jun 2021 11:17:00 +0900'}"
11,"Sat, 05 Jun 2021 20:46:22 +0900",1234428,1,100,"{'title': '테슬라 모델Y, <b>현대차</b> 아이오닉5 누르고 국내 전기차 판매 1위', 'originallink': 'http://thepublic.kr/news/newsview.php?ncode=1065589506333476', 'link': 'http://thepublic.kr/news/newsview.php?ncode=1065589506333476', 'description': '테슬라는 5월 본격 출시 첫 달에 국내 전기차 판매에서 <b>현대차</b> 아이오닉5을 누르고 1위를 차지했다. 더불어... ▲ <b>현대차</b> 아이오닉5 전기차 아이오닉5는 이미 출시 전 4만 대가 계약되는 등 출발이 좋았다. 국내외 반응이... ', 'pubDate': 'Sat, 05 Jun 2021 11:06:00 +0900'}"
12,"Sat, 05 Jun 2021 20:46:22 +0900",1234428,1,100,"{'title': '기아 국내서도 ‘쾌속질주’…연간 최대 판매 부푼꿈 [TNA]', 'originallink': 'http://news.heraldcorp.com/view.php?ud=20210604000831', 'link': 'https://news.naver.com/main/read.nhn?mode=LSD&mid=sec&sid1=101&oid=016&aid=0001844526', 'description': '<b>현대차</b>와 기아가 국내 완성차 시장을 양분하는 가운데 1만대 클럽 5차종 중 3차종이 기아라는 점도 우월한 시장 지배력을 보여주는 대목이다. 5월 기준 차종별로는 쏘렌토가 1만4019대로 가장 많은 판매 대수를... ', 'pubDate': 'Sat, 05 Jun 2021 11:02:00 +0900'}"
13,"Sat, 05 Jun 2021 20:46:22 +0900",1234428,1,100,"{'title': '코스피, 6거래일 만에 하락… 개인·외국인 순매수로 3240선 유지', 'originallink': 'http://www.newscj.com/news/articleView.html?idxno=867203', 'link': 'http://www.newscj.com/news/articleView.html?idxno=867203', 'description': '시가총액 상위 종목 가운데에는 삼성바이오로직스(1.94%)와 <b>현대차</b>(1.26%) 등이 상승했고, 삼성전자(-0.72%)와 SK하이닉스(-0.39%), 네이버(-1.38%), LG화학(-0.37%) 등은 하락했다. 코스닥지수는 0.03포인트(0.00%) 내린 990.... ', 'pubDate': 'Sat, 05 Jun 2021 10:38:00 +0900'}"
14,"Sat, 05 Jun 2021 20:46:22 +0900",1234428,1,100,"{'title': '[진단] 산은의 HMM CB 일시상환을 포함한 모든 선택 존중돼야', 'originallink': 'http://www.greened.kr/news/articleView.html?idxno=290009', 'link': 'http://www.greened.kr/news/articleView.html?idxno=290009', 'description': ""◇민영화에도 함정은 있다...'해운재건 5개년 계획'은 진행형 시장과 언론은 가장 유력한 가설로 CB를 주식으로 전환해 포스코, <b>현대차</b>, CJ 등 민간기업에 매각하는 방안을 거론하고 있다. 하지만, 여기에는 몇 가지... "", 'pubDate': 'Sat, 05 Jun 2021 10:34:00 +0900'}"
15,"Sat, 05 Jun 2021 20:46:22 +0900",1234428,1,100,"{'title': '[이번주 추천주]삼성전자, <b>현대차</b>, 한미반도체 등 자동차·IT 관련주', 'originallink': 'http://www.fnnews.com/news/202106051003035792', 'link': 'https://news.naver.com/main/read.nhn?mode=LSD&mid=sec&sid1=101&oid=014&aid=0004651673', 'description': '이번주 증권가는 삼성전자, <b>현대차</b>, 인지컨트롤스와 한미반도체 등을 추천주로 꼽았다. 삼성증권은 5일 삼성전자, <b>현대차</b>, 기아 등을 추천했다. <b>현대차</b>그룹은 미국 시장에서 사상 최대 점유율을 기록하며 하반기... ', 'pubDate': 'Sat, 05 Jun 2021 10:09:00 +0900'}"
16,"Sat, 05 Jun 2021 20:46:22 +0900",1234428,1,100,"{'title': ""기아, 최초 전용전기차 'EV6' 실차 공개…디자인·성능 다 잡아"", 'originallink': 'http://www.newsis.com/view/?id=NISX20210604_0001465689&cID=13001&pID=13000', 'link': 'https://news.naver.com/main/read.nhn?mode=LSD&mid=sec&sid1=101&oid=003&aid=0010535003', 'description': ""EV6는 <b>현대차</b> '아이오닉5'에 이어 <b>현대차</b>그룹의 전기차 전용 플랫폼 E-GMP를 적용한 두 번째 모델이자 기아의 첫 전용 전기차다. 롱레인지 기준 주행거리 450㎞ 이상, GT 기준 제로백 3.5초로, 아이오닉5에 비해 우수한... "", 'pubDate': 'Sat, 05 Jun 2021 09:53:00 +0900'}"
17,"Sat, 05 Jun 2021 20:46:22 +0900",1234428,1,100,"{'title': '기아 EV6, 전기차 시대 트랜드 리더 기대감 UP', 'originallink': 'http://www.mediapen.com/news/view/634248', 'link': 'http://www.mediapen.com/news/view/634248', 'description': ""이미 E-GMP를 베이스로 한 차는 <b>현대차</b> '아이오닉5'를 경험했기 때문에 EV6에 대한 기대감은 크지 않았다. 하지만 EV6는 아이오닉5와 전혀 다른 모습의 경쟁모델이었다. EV6는 <b>현대차</b>그룹의 전기차 전용 플랫폼 'E-GMP'를... "", 'pubDate': 'Sat, 05 Jun 2021 09:40:00 +0900'}"
18,"Sat, 05 Jun 2021 20:46:22 +0900",1234428,1,100,"{'title': '코스피, 기관 팔자에 약보합 마감…기아 삼성바이오로직스, <b>현대차</b>, 셀트리온...', 'originallink': 'http://www.econonews.co.kr/news/articleView.html?idxno=202277', 'link': 'http://www.econonews.co.kr/news/articleView.html?idxno=202277', 'description': '기아(2.30%) 삼성바이오로직스(1.94%), <b>현대차</b>(1.26%), 셀트리온(0.19%), 삼성SDI(0.16%) 등은 상승했다. 반면 카카오(-1.98%), 네이버(-1.38%), 삼성전자(-0.72%), SK하이닉스(-0.39%), LG화학(-0.37%) 등은 내렸다. 앞서 미국... ', 'pubDate': 'Sat, 05 Jun 2021 09:38:00 +0900'}"
19,"Sat, 05 Jun 2021 20:46:22 +0900",1234428,1,100,"{'title': ""[레알시승기]584마력, 스포츠카 스타일 '기아 EV6' 실물공개"", 'originallink': 'https://www.nocutnews.co.kr/news/5565325', 'link': 'https://news.naver.com/main/read.nhn?mode=LSD&mid=sec&sid1=103&oid=079&aid=0003512284', 'description': ""E-GMP 플랫폼을 공유하며, 먼저 출시된 형제 모델인 <b>현대차</b> 아이오닉5가 기대보다 더 큰 외양과 공간감을 자랑했다면 EV6는 다른 의미에서 반전이 있었다. 스포티한 디자인은 기아의 새로운 디자인 철학인 '오퍼짓... "", 'pubDate': 'Sat, 05 Jun 2021 09:02:00 +0900'}"
20,"Sat, 05 Jun 2021 20:46:22 +0900",1234428,1,100,"{'title': ""'부(富)의 상징'은 옛말···주유소가 몰락하고 있다"", 'originallink': 'http://www.sisajournal-e.com/news/articleView.html?idxno=232846', 'link': 'http://www.sisajournal-e.com/news/articleView.html?idxno=232846', 'description': '<b>현대차</b>·기아 등은 물론이고 글로벌 완성차업계도 전기차 라인업을 강화하는 추세다. 수익성이 악화됨과 동시에 미래마저 불투명해지자 폐업하는 주유소가 증가하게 된 셈이다. 업계는 이 같은 흐름이 가속화 될... ', 'pubDate': 'Sat, 05 Jun 2021 09:02:00 +0900'}"
21,"Sat, 05 Jun 2021 20:46:22 +0900",1234428,1,100,"{'title': ""[전기차 관련주] '껑충껑충 상승' 보성파워텍·대유플러스·대창스틸·쎄미시..."", 'originallink': 'http://www.thekpm.com/view.php?ud=20210605085827590124506bdf1_17', 'link': 'http://www.thekpm.com/view.php?ud=20210605085827590124506bdf1_17', 'description': '성창오토텍, <b>현대차</b>, 우리산업, 디아이씨, 엠플러스, 로스웰, 지엠비코리아, 계양전기, 원익피앤이, 상신이디피, 삼화전자, 피에스텍, 아진산업, 나라엠앤디, SK이노베이션, 성문전자, 삼성SDI, 한국단자 등은... ', 'pubDate': 'Sat, 05 Jun 2021 09:02:00 +0900'}"
22,"Sat, 05 Jun 2021 20:46:22 +0900",1234428,1,100,"{'title': '[기업의 변신] &quot;대체 이런 사업은 왜?&quot;…기업의 이유 있는 변화', 'originallink': 'https://www.etoday.co.kr/news/view/2030639', 'link': 'https://www.etoday.co.kr/news/view/2030639', 'description': '이노션은 이에 대비해 모빌리티에 적합한 콘텐츠 제작 역량을 갖춰 <b>현대차</b>ㆍ기아의 인포테인먼트 시스템을 뒷받침하려 준비 중이다. 광고업계 관계자는 &quot;광고와 콘텐츠, 커머스가 결합한 미디어커머스 사업은 디지털... ', 'pubDate': 'Sat, 05 Jun 2021 09:02:00 +0900'}"
23,"Sat, 05 Jun 2021 20:46:22 +0900",1234428,1,100,"{'title': ""테슬라, 물량 폭탄으로 벤츠 E클래스 '수입차 왕관' 빼앗았다"", 'originallink': 'https://news.joins.com/article/olink/23669688', 'link': 'https://news.naver.com/main/read.nhn?mode=LSD&mid=sec&sid1=101&oid=025&aid=0003107299', 'description': '모델Y와 같은 전기차 시장을 놓고 경쟁하는 <b>현대차</b>의 아이오닉5은 지난달 1919대 팔렸다. 현대, 기아 이어 3위 굳힌 벤츠 테슬라의 모델Y가 베스트셀링 카로 올라섰지만, 국내 자동차 시장에서 <b>현대차</b>·기아에 이은 3위... ', 'pubDate': 'Sat, 05 Jun 2021 09:00:00 +0900'}"
24,"Sat, 05 Jun 2021 20:46:22 +0900",1234428,1,100,"{'title': '아산시, 자동차 산업 위기극복… 100억원 무담보 특화보증 시행', 'originallink': 'http://www.newscj.com/news/articleView.html?idxno=867198', 'link': 'http://www.newscj.com/news/articleView.html?idxno=867198', 'description': '<b>현대차</b> 아산공장 7월 장기휴업 자동차산업 위기 극복 뜻 모아 실질적 도움 되도록 노력할 것 [천지일보 아산=박주환 기자] 현대자동차 아산공장의 7월 장기휴업을 앞두고 충남 아산시(시장 오세현)가 4일부터 자동차부품... ', 'pubDate': 'Sat, 05 Jun 2021 09:00:00 +0900'}"
25,"Sat, 05 Jun 2021 20:46:22 +0900",1234428,1,100,"{'title': '비정규직 투쟁의 시작 기륭 언니들...&quot;위험하니까 남자들은 뒤로 가&quot;', 'originallink': 'https://www.pressian.com/pages/articles/2021060500074819329?utm_source=naver&utm_medium=search', 'link': 'https://news.naver.com/main/read.nhn?mode=LSD&mid=sec&sid1=102&oid=002&aid=0002192826', 'description': '울산 <b>현대차</b> 비정규직 노동자 싸움에, 한진중공업 김진숙 크레인농성 희망버스에, 쌍용자동차 투쟁 등 안 간 곳이 없다. 자기 사업장 투쟁에 매몰되지 않으려고 노력했다. 함께 싸워야 이긴다고 생각했다. 2010년 사회적... ', 'pubDate': 'Sat, 05 Jun 2021 08:44:00 +0900'}"
26,"Sat, 05 Jun 2021 20:46:22 +0900",1234428,1,100,"{'title': '[시승기] <b>현대차</b> 싼타페, 도심형 SUV 기준 제시하다', 'originallink': 'https://www.ekn.kr/web/view.php?key=20210605010000828', 'link': 'https://www.ekn.kr/web/view.php?key=20210605010000828', 'description': '<b>현대차</b>가 ‘독수리의 눈’이라고 소개하는 헤드램프부터 넓은 라디에이터 그릴까지 이어지는 전면부... 준다고 <b>현대차</b>는 소개했다. 실내는 넓다. 운전석부터 2열까지 곳곳에 적재공간을 둬 활용성을 높였다. 더 뉴... ', 'pubDate': 'Sat, 05 Jun 2021 08:10:00 +0900'}"
27,"Sat, 05 Jun 2021 20:46:22 +0900",1234428,1,100,"{'title': ""기아, 2021년형 '리오' 아르헨티나 출격…5년·10만㎞ 보증"", 'originallink': 'https://www.theguru.co.kr/news/article.html?no=21955', 'link': 'https://www.theguru.co.kr/news/article.html?no=21955', 'description': ""<b>현대차</b> 남미 전략 차종 'HB20' 역시 같은 이유로 브라질 시장에서 큰 인기를 끌며 지난해 차종별 순위 2위를 기록한 바 있다. 기아는 신형 리오를 앞세워 남미 시장 점유율을 확대하기 위한 전략을 마련한다는... "", 'pubDate': 'Sat, 05 Jun 2021 08:00:00 +0900'}"
28,"Sat, 05 Jun 2021 20:46:22 +0900",1234428,1,100,"{'title': ""무선이어폰 없으면 '아재'? 석달새 6400만대 팔려"", 'originallink': 'http://news.bizwatch.co.kr/article/industry/2021/06/04/0007', 'link': 'https://news.naver.com/main/read.nhn?mode=LSD&mid=sec&sid1=101&oid=648&aid=0000001542', 'description': ""'협력사\xa0상생'\xa0<b>현대차</b>, 스마트공장 구축 돕는다 현대자동차그룹이 중소벤처기업부... <b>현대차</b>그룹은 그동안 중기부가 추진 중인 '대중소 상생형 스마트공장 보급확산 사업'에 지속적으로 참여. 2019~2020년에는 총... "", 'pubDate': 'Sat, 05 Jun 2021 07:31:00 +0900'}"
29,"Sat, 05 Jun 2021 20:46:22 +0900",1234428,1,100,"{'title': ""[국정농담] 기업 총수에 180도 달라진 文, '경제'로 반전 노리나"", 'originallink': 'https://www.sedaily.com/NewsView/22NINYD9I9', 'link': 'https://news.naver.com/main/read.nhn?mode=LSD&mid=sec&sid1=100&oid=011&aid=0003919357', 'description': '4일에는 이호승 실장과 문승욱 산업통상자원부 장관이 이인용 삼성전자 사장, 공영운 <b>현대차</b>(005380) 사장, 장동현 SK 사장, 영수 LG 부회장, 이동우 롯데지주(004990) 사장 등 5대 그룹 사장단과 서울 모처에서 비공개 회동을... ', 'pubDate': 'Sat, 05 Jun 2021 07:02:00 +0900'}"
30,"Sat, 05 Jun 2021 20:46:22 +0900",1234428,1,100,"{'title': '디지털세 과세 시 국내 법인세수 감소? 정부 아직 추계 못 해', 'originallink': 'https://www.etoday.co.kr/news/view/2032750', 'link': 'https://www.etoday.co.kr/news/view/2032750', 'description': '특히 소비자대상사업에는 휴대전화, 가전, 자동차 등 우리나라 글로벌 기업인 삼성전자와 LG전자, <b>현대차</b> 등의 주력사업이 대거 포함돼 있어 국내 주요 기업들은 해외에서 디지털세를 추가로 부권담하게 된다. 다만... ', 'pubDate': 'Sat, 05 Jun 2021 07:02:00 +0900'}"
31,"Sat, 05 Jun 2021 20:46:22 +0900",1234428,1,100,"{'title': '환경을 지켜라, 재계 ‘환경의 날’ 캠페인 봇물', 'originallink': 'https://www.seoul.co.kr/news/newsView.php?id=20210604500168&wlog_tag3=naver', 'link': 'https://news.naver.com/main/read.nhn?mode=LSD&mid=sec&sid1=101&oid=081&aid=0003191794', 'description': '<b>현대차</b>는 지난해부터 BTS와 함께 미래 청정에너지 수소의 중요성을 알리기 위한 ‘글로벌 수소 캠페인’을 진행하고 있다. 이달 들어 플라스틱 줄이기 캠페인을 벌이거나 관련 제품을 내놓은 업체들도 눈에 띈다. 특히... ', 'pubDate': 'Sat, 05 Jun 2021 07:01:00 +0900'}"
32,"Sat, 05 Jun 2021 20:46:22 +0900",1234428,1,100,"{'title': ""[주간 추천주] IT·자동차 주목…삼전·현차·한미반도체·인지컨트롤스 '러브..."", 'originallink': 'http://www.inews24.com/view/1373403', 'link': 'https://news.naver.com/main/read.nhn?mode=LSD&mid=sec&sid1=101&oid=031&aid=0000602697', 'description': '삼성전자, <b>현대차</b>와 함께 자동차 부품업체 인지컨트롤스와 한미반도체 등을 추천주로 꼽았다. 5일 금융투자업계에 따르면 삼성증권은 삼성전자, <b>현대차</b>, 기아 등을 추천했다. 삼성증권은 “IT·자동차는 그동안... ', 'pubDate': 'Sat, 05 Jun 2021 07:01:00 +0900'}"
33,"Sat, 05 Jun 2021 20:46:22 +0900",1234428,1,100,"{'title': '&quot;반도체 산업, 삼성전자 시대 저문다&quot;…강방천 섬뜩한 예측', 'originallink': 'http://premium.mk.co.kr/view.php?no=30275', 'link': 'https://news.naver.com/main/read.nhn?mode=LSD&mid=sec&sid1=101&oid=009&aid=0004804581', 'description': '사실 <b>현대차</b>가 매년 1000만대를 판매한다면 가격이 변화하지 않으면 매출액은 동일합니다. <b>현대차</b>가 매년 팔아놓은 1000만대의 누적 판매대수는 3년이 지나면 3000만대가 되고, 이를 상대로 현대모비스는 부품 장사를... ', 'pubDate': 'Sat, 05 Jun 2021 06:02:00 +0900'}"
34,"Sat, 05 Jun 2021 20:46:22 +0900",1234428,1,100,"{'title': '60년 재계 맏형 ‘전경련’, 과거와 현재 그리고…', 'originallink': 'http://moneys.mt.co.kr/news/mwView.php?no=2021060415308051172', 'link': 'https://news.naver.com/main/read.nhn?mode=LSD&mid=sec&sid1=101&oid=417&aid=0000701100', 'description': '이후 위상이 급속도로 추락했고 삼성·<b>현대차</b>·SK·LG 등 4대 그룹이 잇따라 전경련을 탈퇴하면서 감원·임금... 5대 그룹이 절반 정도를 내다가 삼성·<b>현대차</b>·SK·LG가 탈퇴한 이후 회비는 100억원대로 줄었다. 이런 전경련의... ', 'pubDate': 'Sat, 05 Jun 2021 05:47:00 +0900'}"
35,"Sat, 05 Jun 2021 20:46:22 +0900",1234428,1,100,"{'title': '[K-Biz 리뷰] 삼성전자, NFT 아트시장 주목…소더비와 협업(6월5일)', 'originallink': 'https://www.theguru.co.kr/news/article.html?no=22086', 'link': 'https://www.theguru.co.kr/news/article.html?no=22086', 'description': ""현대자동차 = &quot;<b>현대차</b>, 中공장 매각 전제 베이징현대 지분 확대 추진&quot; ▲ 현대자동차 = '통행료 인센티브' 인니 정부에 건의…전기차 확대 포석 ▲ 현대자동차·기아 = <b>현대차</b>·기아, 인도 마루티 제치고 '1위... "", 'pubDate': 'Sat, 05 Jun 2021 05:00:00 +0900'}"
36,"Sat, 05 Jun 2021 20:46:22 +0900",1234428,1,100,"{'title': ""<b>현대차</b>·방탄소년단 &quot;환경의 날…'수소 에너지' 알린다&quot;"", 'originallink': 'http://www.idsn.co.kr/news/articleView.html?idxno=47944', 'link': 'http://www.idsn.co.kr/news/articleView.html?idxno=47944', 'description': ""현대자동차(<b>현대차</b>)-방탄소년단(방탄) 환경의 날 맞아 '수소 에너지' 알린다현대자동차-방탄소년단 환경의 날 맞아 '수소 에너지' 알린다. <b>현대차</b>는 6월 5일 세계 환경의 날을 맞아 방탄이 출연하는 '수소 에너지... "", 'pubDate': 'Sat, 05 Jun 2021 00:54:00 +0900'}"
37,"Sat, 05 Jun 2021 20:46:22 +0900",1234428,1,100,"{'title': ""[마켓Q] '중고차 가격' 상승하니 삼성전자·<b>현대차</b> 주가도 오른다?"", 'originallink': 'https://www.asiatime.co.kr/article/20210605500003', 'link': 'https://www.asiatime.co.kr/article/20210605500003', 'description': ""삼성전자와 <b>현대차</b>에 대해 증권사들이 '목표주가'를 하향한 가운데, 중고차 가격 상승을 근거로 이들... <b>현대차</b> 아이오닉5/사진=연합뉴스 이런 가운데, 삼성전자가 지난 1일자 보고서를 통해 <b>현대차</b>의 주가도... "", 'pubDate': 'Sat, 05 Jun 2021 00:14:00 +0900'}"
38,"Sat, 05 Jun 2021 20:46:22 +0900",1234428,1,100,"{'title': '인플레·증세 탓 조정 가능성, 성장주보다 가치주 담아라', 'originallink': 'http://news.joins.com/article/olink/23669581', 'link': 'https://news.naver.com/main/read.nhn?mode=LSD&mid=sec&sid1=102&oid=353&aid=0000039699', 'description': '양호했던 <b>현대차</b>를 가장 많이 꼽고 있다(미래에셋증권·NH투자증권·한국투자증권). 이외에도 삼성증권은... 영업이익률이 지난해 2.3%에서 올해 5.92%로 껑충 오를 것으로 전망되는 <b>현대차</b>의 경우 실제로 지난달 기관이... ', 'pubDate': 'Sat, 05 Jun 2021 00:03:00 +0900'}"
39,"Sat, 05 Jun 2021 20:46:22 +0900",1234428,1,100,"{'title': '[사설] 대통령·총리 경제계와 연쇄회동, 이젠 피드백 내놓을 차례다', 'originallink': 'http://news.mk.co.kr/newsRead.php?no=542826&year=2021', 'link': 'https://news.naver.com/main/read.nhn?mode=LSD&mid=sec&sid1=110&oid=009&aid=0004804568', 'description': '문 대통령은 이달 2일 삼성 <b>현대차</b> SK LG 등 4대 그룹 대표들과 청와대에서 취임 후 처음으로 오찬 간담회를 가졌다. 3일에는 김 총리가 대한상공회의소에서 5개 경제단체장과 간담회를 가졌고 4일에는 이호승 청와대... ', 'pubDate': 'Sat, 05 Jun 2021 00:03:00 +0900'}"
40,"Sat, 05 Jun 2021 20:46:22 +0900",1234428,1,100,"{'title': '&quot;타도 테슬라&quot;…EV6 아이오닉5, 테슬라 압도할 비밀 무기 장착했다', 'originallink': 'http://news.mk.co.kr/newsRead.php?no=542821&year=2021', 'link': 'https://news.naver.com/main/read.nhn?mode=LSD&mid=sec&sid1=103&oid=009&aid=0004804566', 'description': ""마이 묵었다&quot; 전기차 시장에서 '공공의 적' 테슬라를 잡기 위해 <b>현대차</b>가 출격한 데 이어 기아도 출동... 이란성 쌍둥이-해치백 vs 쿠페 SUV 아이오닉5와 EV6는 다른 <b>현대차</b>·기아 차종처럼 플랫폼을 공유하는 '이란성... "", 'pubDate': 'Sat, 05 Jun 2021 00:02:00 +0900'}"
41,"Sat, 05 Jun 2021 20:46:22 +0900",1234428,1,100,"{'title': ""'미끄러지는' 테슬라…<b>현대차</b>·기아, 美·中서 추격 불씨 지피나"", 'originallink': 'http://news.tf.co.kr/read/economy/1866037.htm', 'link': 'https://news.naver.com/main/read.nhn?mode=LSD&mid=sec&sid1=101&oid=629&aid=0000087300', 'description': '<b>현대차</b>·기아 &quot;글로벌 주요 시장서 경쟁력 갖춘 EV 꾸준히 출시할 것&quot; 현대자동차(<b>현대차</b>)·기아가 최근 부진에 빠진 전기차 업계 1위 테슬라와 상반된 행보를 보이고 있다. 테슬라가 유럽에 이어 세계 최대 전기차... ', 'pubDate': 'Sat, 05 Jun 2021 00:01:00 +0900'}"
42,"Sat, 05 Jun 2021 20:46:22 +0900",1234428,1,100,"{'title': '뉴욕증시 나스닥 다우지수 폭발, 고용보고서 쇼크 국채금리↓ 테이퍼링 우려 ...', 'originallink': 'http://www.g-enews.com/ko-kr/news/article/news_all/2021060320404098984a01bf698f_1/article.html', 'link': 'http://www.g-enews.com/ko-kr/news/article/news_all/2021060320404098984a01bf698f_1/article.html', 'description': '삼성바이오로직스[207940](1.94%)와 <b>현대차</b>[005380](1.26%), 기아(2.30%) 등이 상승했다. 삼성전자[005930](-0.72%)와 SK하이닉스[000660](-0.39%), 네이버[035420](-1.38%), LG화학[051910](-0.37%) 등은 하락했다. 코스닥지수는 2.61포인트(0.26... ', 'pubDate': 'Sat, 05 Jun 2021 00:00:00 +0900'}"
43,"Sat, 05 Jun 2021 20:46:22 +0900",1234428,1,100,"{'title': ""[마감]대한전선, 9일 연속 강세 '투자경고종목' 지정...HMM, 산은 CB 전환 우..."", 'originallink': 'https://www.asiatime.co.kr/article/20210604500262', 'link': 'https://www.asiatime.co.kr/article/20210604500262', 'description': '시가총액 상위 종목 가운데에는 삼성바이오로직스(1.94%)와 <b>현대차</b>(1.26%), 기아(2.30%) 등이 상승했고, 삼성전자(-0.72%)와 SK하이닉스(-0.39%), 네이버(-1.38%), LG화학(-0.37%) 등은 하락했다. 대한전선은 9거래일 연속... ', 'pubDate': 'Fri, 04 Jun 2021 23:26:00 +0900'}"
44,"Sat, 05 Jun 2021 20:46:22 +0900",1234428,1,100,"{'title': '[데일리안 오늘뉴스 종합] 與 윤석열 네거티브 시동 ‘십원 지폐에 합성하고 ...', 'originallink': 'https://www.dailian.co.kr/news/view/998307/?sc=Naver', 'link': 'https://news.naver.com/main/read.nhn?mode=LSD&mid=sec&sid1=100&oid=119&aid=0002499139', 'description': '당시 문 대통령은 최태원 SK 회장, 정의선 <b>현대차</b> 회장, 구광모 LG 회장, 김기남 삼성전자 부회장과 만나 오찬 간담회를 갖고 한미정상회담과 관련한 공로를 치하하고, 경기 회복을 위해 경제계 현안에 귀를 기울이겠다는... ', 'pubDate': 'Fri, 04 Jun 2021 21:28:00 +0900'}"
45,"Sat, 05 Jun 2021 20:46:22 +0900",1234428,1,100,"{'title': ""터줏대감 GM도 제쳤다… <b>현대차</b>·기아, 5월 미국 판매 점유율 '역대 최고'"", 'originallink': 'https://hankookilbo.com/News/Read/A2021060409250000156?did=NA', 'link': 'https://news.naver.com/main/read.nhn?mode=LSD&mid=sec&sid1=101&oid=469&aid=0000608876', 'description': '<b>현대차</b>·기아의 미국 시장 선전이 예사롭지 않다. 3개월 연속 월간 최고 판매실적을 갈아치우며 마침내 두 자릿수 시장 점유율까지 확보했다. 4일 자동차 업계에 따르면, <b>현대차</b>·기아는 지난달 미국에서 총 17만4... ', 'pubDate': 'Fri, 04 Jun 2021 19:46:00 +0900'}"
46,"Sat, 05 Jun 2021 20:46:22 +0900",1234428,1,100,"{'title': ""기아, '2022 니로' 출시...2429만원부터"", 'originallink': 'http://www.newspim.com/news/view/20210604000944', 'link': 'http://www.newspim.com/news/view/20210604000944', 'description': '[사진=<b>현대차</b>] The 2022 니로의 판매 가격은 하이브리드 ▲트렌디 2439만원 ▲프레스티지 2608만원 ▲노블레스 2829만원 ▲시그니처 3017만원, 플러그인 하이브리드 ▲시그니처 3939만원이다. 친환경차 세제혜택 및 개소세... ', 'pubDate': 'Fri, 04 Jun 2021 19:25:00 +0900'}"
47,"Sat, 05 Jun 2021 20:46:22 +0900",1234428,1,100,"{'title': ""정의당, &quot;이재용 사면하면 '돈 앞에 무법천지' 대통령이 선포하는 것&quot;"", 'originallink': 'http://www.womentimes.co.kr/news/articleView.html?idxno=52799', 'link': 'http://www.womentimes.co.kr/news/articleView.html?idxno=52799', 'description': '이 자리에는 정의선 <b>현대차</b> 그룹 회장과\xa0구광모 LG그룹 회장, 김기남 삼성전자 부회장이 참석했다. 이 부회장은 국정농단사건과 관련\xa0파기환송심에서 뇌물혐의에 대한 유죄가 인정돼 징역 2년6개월을 선고받고 현재 복역... ', 'pubDate': 'Fri, 04 Jun 2021 19:20:00 +0900'}"
48,"Sat, 05 Jun 2021 20:46:22 +0900",1234428,1,100,"{'title': '코스피 기관 매도에 하락 3,240.08(-0.23%)…대한전선·삼성전자·두산중공업...', 'originallink': 'http://www.topstarnews.net/news/articleView.html?idxno=11672794', 'link': 'http://www.topstarnews.net/news/articleView.html?idxno=11672794', 'description': '시가총액 상위 종목 가운데에는 삼성바이오로직스[207940](1.94%)와 <b>현대차</b>[005380](1.26%), 기아(2.30... 12%), <b>현대차</b> 241,500원(△1.26%), 삼성중공업 7,030원(△9.67%), 기아 89,000원(△2.30%), 현대모비스 288,000원(△3.23... ', 'pubDate': 'Fri, 04 Jun 2021 19:08:00 +0900'}"
49,"Sat, 05 Jun 2021 20:46:22 +0900",1234428,1,100,"{'title': '<b>현대차</b>그룹 사무연구직노조, 단체교섭 관련 회장과 상견례 불발', 'originallink': 'https://www.businesspost.co.kr/BP?command=article_view&num=234815', 'link': 'https://www.businesspost.co.kr/BP?command=article_view&num=234815', 'description': '현대자동차그룹 사무직과 연구직 직원들로 구성된 노동조합이 2021년 단체교섭을 앞두고 정의선 <b>현대차</b>그룹... 이건우 <b>현대차</b>그룹 인재존중 사무연구직 노동조합위원장이 4월26일 서울지방고용노동청에 노동조합... ', 'pubDate': 'Fri, 04 Jun 2021 18:58:00 +0900'}"
50,"Sat, 05 Jun 2021 20:46:22 +0900",1234428,1,100,"{'title': '【4일 핫 스탁스】 두산중공업,대한전선 상승 지속.. <b>현대차</b>,기아 동반 상승....', 'originallink': 'http://www.idsn.co.kr/news/articleView.html?idxno=47919', 'link': 'http://www.idsn.co.kr/news/articleView.html?idxno=47919', 'description': '<b>현대차</b>와 기아 등 자동차주도 웃음지며 장을 마쳤다. 최근 일본에서 도요타가 신고가를 경신하고... <b>현대차</b>그룹의 미국 시장 내 시장 점유율은 지난 4월 10%에 이어 지난달에도 11%를 기록, 지난 2011년 이후... ', 'pubDate': 'Fri, 04 Jun 2021 18:56:00 +0900'}"
51,"Sat, 05 Jun 2021 20:46:22 +0900",1234428,1,100,"{'title': ""'아이오닉5 vs 모델Y' 전기차 대전, '먼저·많이' 출고하는 쪽이 이긴다"", 'originallink': 'http://www.insightkorea.co.kr/news/articleView.html?idxno=89135', 'link': 'http://www.insightkorea.co.kr/news/articleView.html?idxno=89135', 'description': '2위 <b>현대차</b> 2979대, 3위 기아 1774대 순으로 나타났다. 이중 전기차 전용 플랫폼 기반 최신 모델인 아이오닉5와... 이는 차량용 반도체 공급 부족 사태와 <b>현대차</b> PE 모듈 공급 차질이 겹치면서 아이오닉5의 출고가 지연됐기... ', 'pubDate': 'Fri, 04 Jun 2021 18:48:00 +0900'}"
52,"Sat, 05 Jun 2021 20:46:22 +0900",1234428,1,100,"{'title': '[fn마켓워치]3차 기업구조혁신펀드 루키, 노틱·무궁화·브로드써밋·비케이피...', 'originallink': 'http://www.fnnews.com/news/202106041845188177', 'link': 'https://news.naver.com/main/read.nhn?mode=LSD&mid=sec&sid1=101&oid=014&aid=0004651597', 'description': '화인자산운용과 함께 <b>현대차</b> 1차벤더 명신산업에 투자한 바 있다. 조만간 보호예수가 끝나면 엑시트를 단행, IRR(순내부수익률) 기준 50% 이상 수익률이 예상된다. 축산물 유통·제조사 푸드팜의 123억원 규모 전환사채... ', 'pubDate': 'Fri, 04 Jun 2021 18:47:00 +0900'}"
53,"Sat, 05 Jun 2021 20:46:22 +0900",1234428,1,100,"{'title': '<b>현대차</b> 주가 3,000원 상승 후 장마감', 'originallink': 'http://www.mrepublic.co.kr/news/articleView.html?idxno=91335', 'link': 'http://www.mrepublic.co.kr/news/articleView.html?idxno=91335', 'description': '<b>현대차 현대차</b> 주가 4일기준으로 1.26%상승 후 장마감 했다. 시가는 241,500원이다. 금일 고가는 243,000원이고, 저가는 238,000원이다. 거래량은 1,325,449이다. 전일대비 3,000원 상승했다.', 'pubDate': 'Fri, 04 Jun 2021 18:36:00 +0900'}"
54,"Sat, 05 Jun 2021 20:46:22 +0900",1234428,1,100,"{'title': '<b>현대차</b>, 미국 전기차 시장 8조 투자', 'originallink': 'http://www.yonhapmidas.com/article/210604111947_380907', 'link': 'http://www.yonhapmidas.com/article/210604111947_380907', 'description': '<b>현대차</b>그룹이 2025년까지 미국 시장에 대규모 투자를 단행한다. 전기차 현지 생산과 생산설비 확충을... 작년 미국 내 전기차 판매는 테슬라 20만6천 대, GM 2만1천 대, 폭스바겐 1만2천 대, 르노-닛산 1만 대, <b>현대차</b>그룹... ', 'pubDate': 'Fri, 04 Jun 2021 18:32:00 +0900'}"
55,"Sat, 05 Jun 2021 20:46:22 +0900",1234428,1,100,"{'title': '문승욱·이호승 5대그룹 사장 면담…경제계 현안 폭넓게 논의', 'originallink': 'https://www.nocutnews.co.kr/news/5565323', 'link': 'https://news.naver.com/main/read.nhn?mode=LSD&mid=sec&sid1=101&oid=079&aid=0003512245', 'description': '회동에는 이인용 삼성전자 사장, 공영운 <b>현대차</b> 사장, 장동현 SK 사장, 권영수 LG 사장, 이동우 롯데지주 사장 등이 참석했다. 문 장관과 이 정책실장은 참석자들에게 한미 정상회담 경제 분야 성과 등 경제계의 노력과... ', 'pubDate': 'Fri, 04 Jun 2021 18:23:00 +0900'}"
56,"Sat, 05 Jun 2021 20:46:22 +0900",1234428,1,100,"{'title': '정의선 회장 상견례는 불발..<b>현대차</b>·삼성 경영진, MZ 직원들과 대화', 'originallink': 'https://biz.sbs.co.kr/article_hub/20000018111?division=NAVER', 'link': 'https://news.naver.com/main/read.nhn?mode=LSD&mid=sec&sid1=101&oid=374&aid=0000246598', 'description': '<b>현대차</b>그룹에서 20~30대인 MZ세대가 중심이 된 사무·연구직 노조가 정의선 회장에게 상견례를 요청했지만... 조슬기 기자, <b>현대차</b> 사무직 노조의 제안이 받아들여지지 않은 겁니까? [기자] <b>현대차</b>그룹 사무·연구직 노조가... ', 'pubDate': 'Fri, 04 Jun 2021 18:15:00 +0900'}"
57,"Sat, 05 Jun 2021 20:46:22 +0900",1234428,1,100,"{'title': '[마켓뷰] 코스피, 기관 매도세에 하루 만에 반락···사상 최고치 경신 실패', 'originallink': 'https://biz.chosun.com/stock/market_trend/2021/06/04/Z5DDJY6DCZFWXC2AM7SBMC3XPU/?utm_source=naver&utm_medium=original&utm_campaign=biz', 'link': 'https://news.naver.com/main/read.nhn?mode=LSD&mid=sec&sid1=101&oid=366&aid=0000728286', 'description': '이날 외국인 투자자들은 유가증권시장에서 기아(000270)와 <b>현대차</b>(005380), 현대모비스(012330) 등의 자동차주와 삼성전자(005930), SK하이닉스(000660) 등의 대형 반도체주를 많이 매수했다. 외국인 투자자들은 특히... ', 'pubDate': 'Fri, 04 Jun 2021 18:04:00 +0900'}"
58,"Sat, 05 Jun 2021 20:46:22 +0900",1234428,1,100,"{'title': '[금일 증권업계 주요기사] &quot;테이퍼링·중간배당&quot;에 은행·금융株 주목...위기...', 'originallink': 'http://www.youthdaily.co.kr/news/article.html?no=73059', 'link': 'http://www.youthdaily.co.kr/news/article.html?no=73059', 'description': ""◆ 삼성전자·<b>현대차</b>...박스피 탈출 선도 '박스피'에 갇힌\xa0코스피 지수가 하반기엔 다시 상승세로 돌아설... 이런 가운데 상반기에 통 힘을 쓰지 못했던\xa0삼성전자,\xa0<b>현대차</b> 등 대형주와 코로나19\xa0여파로\xa0주춤했던... "", 'pubDate': 'Fri, 04 Jun 2021 18:00:00 +0900'}"
59,"Sat, 05 Jun 2021 20:46:22 +0900",1234428,1,100,"{'title': ""[비바100] 여전히 ‘춤 길’ 위 '깊은 여름' 한국 춤의 대가 김매자 “이 길이..."", 'originallink': 'http://www.viva100.com/main/view.php?key=20210603010000673', 'link': 'http://www.viva100.com/main/view.php?key=20210603010000673', 'description': '<b>현대차</b> 정몽구 재단이 주최하고 한국예술종합학교 산학협력단이 주관하는 ‘예술세상 마을 프로젝트’... (사진제공=<b>현대차</b> 정몽구 재단)김매자 명인전 ‘깊은 여름’(사진제공=<b>현대차</b> 정몽구 재단)김매자 명인(사진... ', 'pubDate': 'Fri, 04 Jun 2021 18:00:00 +0900'}"
60,"Sat, 05 Jun 2021 20:46:22 +0900",1234428,1,100,"{'title': ""[ETF 줌인]‘KBSTAR 경기소비재 ETF' 경기회복 수혜 車·콘택트株 집중투자"", 'originallink': 'https://www.sedaily.com/NewsView/22NI9API8M', 'link': 'https://news.naver.com/main/read.nhn?mode=LSD&mid=sec&sid1=101&oid=011&aid=0003919297', 'description': '특히 <b>현대차</b>와 기아의 경우 올해 차량용 반도체 부족으로 우려가 컸던 것과 달리 지난 5월 미국 자동차... 주요 투자 종목을 살펴보면 <b>현대차</b>(19.88%), 기아(18.23%), 현대모비스(15.01%), 한온시스템(3.82... ', 'pubDate': 'Fri, 04 Jun 2021 17:59:00 +0900'}"
61,"Sat, 05 Jun 2021 20:46:22 +0900",1234428,1,100,"{'title': ""코스피 '기관 매도'로 6거래일 만에 소폭 하락, 코스닥도 약간 내려"", 'originallink': 'https://www.businesspost.co.kr/BP?command=article_view&num=234795', 'link': 'https://www.businesspost.co.kr/BP?command=article_view&num=234795', 'description': '시가총액 상위종목에서는 삼성바이오로직스(1.94%), <b>현대차</b>(1.26%), 삼성SDI(0.16%), 셀트리온(0.19%), 기아(2.30%), 현대모비스(3.23%) 등 주가가 올랐다. 반면 삼성전자(-0.72%), SK하이닉스(-0.39%), 네이버(-1.38%), LG화학(-0.... ', 'pubDate': 'Fri, 04 Jun 2021 17:58:00 +0900'}"
62,"Sat, 05 Jun 2021 20:46:22 +0900",1234428,1,100,"{'title': '[투자뉴스7] 반도체 반등 시나리오! 대형주냐 장비주냐 그것이 문제로다', 'originallink': 'https://news.mtn.co.kr/newscenter/news_viewer.mtn?gidx=2021060417502149342', 'link': 'https://news.mtn.co.kr/newscenter/news_viewer.mtn?gidx=2021060417502149342', 'description': ""반도체· 배터리 상승 주도 ▶ 韓, 1Q 반도체 장비 투자 8.1조 '세계 1위' ▶ <b>현대차</b>· 기아, 美 판매 3개월 연속... - 연기금 시총상위 관련주 탑픽 - <b>현대차</b>· 하이브· 카카오· 삼성전기 관심 ※ 생방송 '출발!성공투자'는... "", 'pubDate': 'Fri, 04 Jun 2021 17:56:00 +0900'}"
63,"Sat, 05 Jun 2021 20:46:22 +0900",1234428,1,100,"{'title': ""[ESG로 말하는 기업가치⑤ - 현대자동차그룹] 'ESG 리더' 노리는 정의선…친환..."", 'originallink': 'http://www.newswatch.kr/news/articleView.html?idxno=55158', 'link': 'http://www.newswatch.kr/news/articleView.html?idxno=55158', 'description': ""<b>현대차</b>그룹 정의선 회장은 ESG(Environment·Social·Governance/환경 보호·사회적 가치 공헌·지배구조 윤리경영) 경영을 기업의 미래 가치로 강력하게 주장한다. 그래서 재계에서 'ESG 리더' 자리를 노리고 있다. <b>현대차</b>그룹은... "", 'pubDate': 'Fri, 04 Jun 2021 17:56:00 +0900'}"
64,"Sat, 05 Jun 2021 20:46:22 +0900",1234428,1,100,"{'title': '연일 재계와 소통 나선 정부…文 지지율 반등할까', 'originallink': 'http://www.inews24.com/view/1373382', 'link': 'https://news.naver.com/main/read.nhn?mode=LSD&mid=sec&sid1=101&oid=031&aid=0000602637', 'description': '4일 산업부에 따르면 문승욱 산업통상자원부 장관과 이호승 청와대 정책실장은 이날 삼성, <b>현대차</b>, SK, LG... 앞서 문 대통령도 지난 2일 최태원 SK그룹 회장, 정의선 <b>현대차</b>그룹 회장, 구광모 LG그룹 회장, 김기남 삼성전자... ', 'pubDate': 'Fri, 04 Jun 2021 17:53:00 +0900'}"
65,"Sat, 05 Jun 2021 20:46:22 +0900",1234428,1,100,"{'title': '[포토]<b>현대차</b> 양재사옥 간판 교체… 영어 문구 삭제', 'originallink': 'https://www.donga.com/news/article/all/20210604/107275191/2', 'link': 'https://news.naver.com/main/read.nhn?mode=LSD&mid=sec&sid1=103&oid=020&aid=0003361923', 'description': '현대자동차는 4일 서울 양재동 소재 본사 간판을 교체하는 작업을 완료했다고 밝혔다. 간판 노후화에 따라 새 간판으로 변경했다고 설명했다. 지난 달 마지막 주에 작업을 시작해 이날 교체 작업을 마무리했다고 한다.... ', 'pubDate': 'Fri, 04 Jun 2021 17:49:00 +0900'}"
66,"Sat, 05 Jun 2021 20:46:22 +0900",1234428,1,100,"{'title': '[fn마켓워치]3차 기업구조혁신펀드 PDF, 신한대체-이지스투자·큐리어스·화인...', 'originallink': 'http://www.fnnews.com/news/202106041745367208', 'link': 'https://news.naver.com/main/read.nhn?mode=LSD&mid=sec&sid1=101&oid=014&aid=0004651582', 'description': '퍼즐인베스트먼트코리아와 함께 <b>현대차</b> 1차벤더 명신산업에 투자한 바 있다. 조만간 보호예수가 끝나면 엑시트를 단행, IRR(순내부수익률) 기준 50% 이상 수익률이 예상된다. 강구귀 기자', 'pubDate': 'Fri, 04 Jun 2021 17:48:00 +0900'}"
67,"Sat, 05 Jun 2021 20:46:22 +0900",1234428,1,100,"{'title': '원자재 가격 상승·반도체 수급난…자동차 판매 가격도 오르나', 'originallink': 'https://news.mtn.co.kr/newscenter/news_viewer.mtn?gidx=2021060416521141692', 'link': 'https://news.mtn.co.kr/newscenter/news_viewer.mtn?gidx=2021060416521141692', 'description': '최근 <b>현대차</b>가 철강업체들과 자동차를 만들 때 쓰는 강판 공급 가격을 인상하기로 합의했는데요. 반도체... 최근 <b>현대차</b>는 포스코, 현대제철과 자동차용 강판 가격을 톤당 5만원 인상하는데 합의했습니다. 원자재 가격이... ', 'pubDate': 'Fri, 04 Jun 2021 17:46:00 +0900'}"
68,"Sat, 05 Jun 2021 20:46:22 +0900",1234428,1,100,"{'title': '〈4일 해외증시 스팟〉 아시아권 혼조..유럽 보합권 공방..비트코인,이더리움...', 'originallink': 'http://www.idsn.co.kr/news/articleView.html?idxno=47926', 'link': 'http://www.idsn.co.kr/news/articleView.html?idxno=47926', 'description': '한국 증시와 일본 증시에서도 <b>현대차</b>,기아,도요타가 최근 좋은 흐름을 보이고 있기에 많은 시장 참여자들이 관심을 보이고 있다. 현재 미국 지수선물도 약보합권에서 지리멸렬한 흐름을 보이고 있다. 미국... ', 'pubDate': 'Fri, 04 Jun 2021 17:46:00 +0900'}"
69,"Sat, 05 Jun 2021 20:46:22 +0900",1234428,1,100,"{'title': '文·총리 이어...산업장관도 재계와 소통 행보', 'originallink': 'https://www.sedaily.com/NewsView/22NI9HCZF5', 'link': 'https://news.naver.com/main/read.nhn?mode=LSD&mid=sec&sid1=101&oid=011&aid=0003919286', 'description': '청와대와 정부가 삼성·<b>현대차</b> 등 5대 그룹 사장단과 면담을 진행하며 재계와 소통 강화 행보를 이어갔다.... 삼성·<b>현대차</b>·SK·LG·롯데 등 5대 그룹 사장단과 면담을 진행했다. 이날 면담에는 이인용 삼성전자 사장을... ', 'pubDate': 'Fri, 04 Jun 2021 17:46:00 +0900'}"
70,"Sat, 05 Jun 2021 20:46:22 +0900",1234428,1,100,"{'title': '쿠팡이츠·배민1, 단건배달戰 혈투…점주·라이더 공략', 'originallink': 'http://www.newsian.co.kr/news/articleView.html?idxno=49072', 'link': 'http://www.newsian.co.kr/news/articleView.html?idxno=49072', 'description': '배민은 지난달 24일부터 매주 1명씩 총 4명에 5000만원 상당의 <b>현대차</b> 아이오닉5를 증정하는 경품행사를 펼치고 있다. 배달 건수가 많을수록 당첨 확률이 높아진다. 이는 쿠팡과 배민이\xa0손해를 감수하더라도 좋은... ', 'pubDate': 'Fri, 04 Jun 2021 17:44:00 +0900'}"
71,"Sat, 05 Jun 2021 20:46:22 +0900",1234428,1,100,"{'title': '신형 니로·XM3 출격…소형 SUV 부활 이끄나', 'originallink': 'https://www.hankyung.com/economy/article/2021060462441', 'link': 'https://news.naver.com/main/read.nhn?mode=LSD&mid=sec&sid1=103&oid=015&aid=0004557653', 'description': '<b>현대차</b> 코나 등이 1등 공신이었다. 2030세대가 생애 첫 차로 소형 세단 대신 소형 SUV를 선택했다. 2019년... <b>현대차</b>의 신형 아반떼, 기아의 신형 K5 등이 세련된 디자인을 무기로 젊은 세대를 공략하기 시작했다. 소형... ', 'pubDate': 'Fri, 04 Jun 2021 17:40:00 +0900'}"
72,"Sat, 05 Jun 2021 20:46:22 +0900",1234428,1,100,"{'title': '(영상)폭발적인 스피드·짜릿한 주행감, 아우디 R8', 'originallink': 'http://www.newstomato.com/ReadNews.aspx?no=1049522&inflow=N', 'link': 'http://www.newstomato.com/ReadNews.aspx?no=1049522&inflow=N', 'description': '지난해 아우디 드라이빙 행사에서 이미 경험하기도 했고 올해 <b>현대차</b>(005380) 아이오닉5, 테슬라 모델Y를 타봤기 때문에 예전만큼의 감흥을 느끼기는 어려웠습니다. R8 시승 마치고 인제스피디움 전경 모습. 사진/김재홍... ', 'pubDate': 'Fri, 04 Jun 2021 17:38:00 +0900'}"
73,"Sat, 05 Jun 2021 20:46:22 +0900",1234428,1,100,"{'title': '[전화연결]잇따라 재계 회동 갖는 문재인 정부…이호승·문승욱, 5대 그룹 사...', 'originallink': 'http://mbnmoney.mbn.co.kr/news/view?news_no=MM1004352211', 'link': 'http://mbnmoney.mbn.co.kr/news/view?news_no=MM1004352211', 'description': '【 앵커멘트 】 이호승 정책실장과 문승욱 산업부 장관이 삼성과 <b>현대차</b>, SK, LG, 롯데로 구성된 5대 그룹... 재계에 따르면 이 실장과 문 장관은 이인용 삼성전자 사장과 공영운 <b>현대차</b> 사장, 장동현 SK 사장, 권영수 LG... ', 'pubDate': 'Fri, 04 Jun 2021 17:38:00 +0900'}"
74,"Sat, 05 Jun 2021 20:46:22 +0900",1234428,1,100,"{'title': 'LS 자금곳간 채우는 이광우, 전기차부품 투자기업 발굴에 속도붙여', 'originallink': 'https://www.businesspost.co.kr/BP?command=article_view&num=234790', 'link': 'https://www.businesspost.co.kr/BP?command=article_view&num=234790', 'description': 'LS오토모티브는 <b>현대차</b>와 기아를 비롯해 글로벌 완성차기업에 전기차모터부품 등을 납품한다. 전기차에 들어가는 고전압 컨버터(전압을 낮춰주는 장치)도 개발하며 전기차부품사업 포트폴리오를 확장하고 있다. 이... ', 'pubDate': 'Fri, 04 Jun 2021 17:36:00 +0900'}"
75,"Sat, 05 Jun 2021 20:46:22 +0900",1234428,1,100,"{'title': '문승욱·이호승, 5대 그룹 사장단과 비공개 회동…경제계 의견 청취', 'originallink': 'https://news.kbs.co.kr/news/view.do?ncd=5202068&amp;ref=A', 'link': 'https://news.naver.com/main/read.nhn?mode=LSD&mid=sec&sid1=101&oid=056&aid=0011057508', 'description': '회동에는 이인용 삼성전자 사장, 공영운 <b>현대차</b> 사장, 장동현 SK 사장, 권영수 LG 부회장, 이동우 롯데지주 사장 등이 참석했습니다. 문 장관은 취임 직후 경제계와의 소통행보를 이어왔으며, 5대 그룹 사장단과 회동을... ', 'pubDate': 'Fri, 04 Jun 2021 17:35:00 +0900'}"
76,"Sat, 05 Jun 2021 20:46:22 +0900",1234428,1,100,"{'title': '이호승·문승욱, 5대 그룹 사장단만나 부산엑스포 유치 논의', 'originallink': 'http://news.heraldcorp.com/view.php?ud=20210604000759', 'link': 'https://news.naver.com/main/read.nhn?mode=LSD&mid=sec&sid1=101&oid=016&aid=0001844448', 'description': '5대 그룹에서는 이인용 삼성전자 사장, 공영운 <b>현대차</b> 사장, 장동현 SK㈜) 사장, 권영수 ㈜LG 부회장, 이동우 롯데지주 사장 등이 참석했다. 이날 모임은 지난달 취임한 문 장관과 5대 그룹 사장단이 처음으로 만나는... ', 'pubDate': 'Fri, 04 Jun 2021 17:33:00 +0900'}"
77,"Sat, 05 Jun 2021 20:46:22 +0900",1234428,1,100,"{'title': '코스피, 기관 매도에 소폭 하락', 'originallink': 'http://www.kpinews.co.kr/news/articleView.html?idxno=148781', 'link': 'http://www.kpinews.co.kr/news/articleView.html?idxno=148781', 'description': '삼성바이오로직스(1.94%), <b>현대차</b>(1.26%), 셀트리온(0.19%), 삼성SDI(0.16%)는 주가가 올랐다. 코스닥 주가 변동 추이.[이미지=네이버] 코스닥시장도 내림세로 돌아섰다. 코스닥은 전거래일과 비교해 2.61포인트(-0.26... ', 'pubDate': 'Fri, 04 Jun 2021 17:32:00 +0900'}"
78,"Sat, 05 Jun 2021 20:46:22 +0900",1234428,1,100,"{'title': '일회용 광고판 없애고, 로스트볼 조형물… 골프 대회도 대세는 친환경', 'originallink': 'https://hankookilbo.com/News/Read/A2021060409250001544?did=NA', 'link': 'https://sports.news.naver.com/news.nhn?oid=469&aid=0000608848', 'description': '파3홀에 걸린 ‘홀인원’ 상품도 올해엔 전기차가 대세다. KB금융 리브챔피언십은 제네시스 G80 모델의 전기차를, 한국여자프로골프(KLPGA) E1 채리티 오픈도 <b>현대차</b>의 아이오닉5 롱레인지 익스클루시브를 내걸었다. 거제=', 'pubDate': 'Fri, 04 Jun 2021 17:31:00 +0900'}"
79,"Sat, 05 Jun 2021 20:46:22 +0900",1234428,1,100,"{'title': ""&quot;토스가 선물한 주식 담아라&quot; 주식 이벤트 '매매법'까지 등장"", 'originallink': 'http://moneys.mt.co.kr/news/mwView.php?no=2021060416298026584', 'link': 'https://news.naver.com/main/read.nhn?mode=LSD&mid=sec&sid1=101&oid=417&aid=0000701053', 'description': '토스증권 관계자는 &quot;삼성전자, <b>현대차</b>, 네이버 등 시가총액 상위 종목을 포함해 투자자에게 익숙하면서도 차트 흐름상 상승이 기대되는 종목을 꼽았다&quot;며 &quot;다만 거래량이 너무 작거나 권리 발생이 예정된 종목은... ', 'pubDate': 'Fri, 04 Jun 2021 17:25:00 +0900'}"
80,"Sat, 05 Jun 2021 20:46:22 +0900",1234428,1,100,"{'title': ""'車혁신의 진원지' 전기車, 충전소에서 정비소까지 인프라 구축 '시급'...&quot;아..."", 'originallink': 'http://www.greened.kr/news/articleView.html?idxno=290024', 'link': 'http://www.greened.kr/news/articleView.html?idxno=290024', 'description': '테슬라, 방전시 외부에서 문 열수 없어 안전 위협...<b>현대차</b> 넥쏘는 전기 끊겨도 외부에서 문열려 최근 테슬라 사고 관련 뉴스가 잇따라 보도되고 있다. 그중 외부에서 문을 열지 못해 사고가 더욱 커지는 경우도 발생하고... ', 'pubDate': 'Fri, 04 Jun 2021 17:24:00 +0900'}"
81,"Sat, 05 Jun 2021 20:46:22 +0900",1234428,1,100,"{'title': 'MZ세대 중심된 <b>현대차</b> 사무직 노조, 정의선 회장과의 대화 불발', 'originallink': 'http://www.viva100.com/main/view.php?key=20210604010001130', 'link': 'http://www.viva100.com/main/view.php?key=20210604010001130', 'description': 'MZ세대 중심된 <b>현대차</b> 사무직 노조, 정의선 회장과의 대화 불발 MZ세대(1980∼2000년대 출생)를 중심으로 한 <b>현대차</b>그룹의 사무·연구직 노조가 지난달 정의선 <b>현대차</b>그룹 회장에게 상견례를 요청했지만 거절됐다.  4일... ', 'pubDate': 'Fri, 04 Jun 2021 17:24:00 +0900'}"
82,"Sat, 05 Jun 2021 20:46:22 +0900",1234428,1,100,"{'title': '코스피 3240.08, 美테이퍼링 우려에 하락 마감', 'originallink': 'http://www.kukinews.com/newsView/kuk202106040166', 'link': 'http://www.kukinews.com/newsView/kuk202106040166', 'description': '삼성바이오로직스(1.94%), <b>현대차</b>(1.26%), 삼성SDI(0.16%) 등은 강세였다. 삼성전자우는 보합 마감했다. 업종별로는 전기장비(7.47%)이 강세다. 이어 기계(3.55%), 자동차부품(2.13%), 자동차(1.73%), 조선(1.54%)등이... ', 'pubDate': 'Fri, 04 Jun 2021 17:22:00 +0900'}"
83,"Sat, 05 Jun 2021 20:46:22 +0900",1234428,1,100,"{'title': '<b>현대차</b> 사무직 노조, 정의선 회장 상견례 불발', 'originallink': 'http://www.youthdaily.co.kr/news/article.html?no=73068', 'link': 'http://www.youthdaily.co.kr/news/article.html?no=73068', 'description': '\xa0지난 4월 29일 공식 출범한 현대자동차그룹 사무·연구직 노조는 첫 행보로 지난달 20일 정의선 <b>현대차</b>그룹... 이에 대해 <b>현대차</b>그룹은 임금이나 근로조건을 결정하는 단체교섭은 법과 절차에 따라 각 회사에서 진행할... ', 'pubDate': 'Fri, 04 Jun 2021 17:22:00 +0900'}"
84,"Sat, 05 Jun 2021 20:46:22 +0900",1234428,1,100,"{'title': '<b>현대차</b>-BTS, 5일 환경의 날 ‘수소에너지’ 다큐 공개', 'originallink': 'http://amenews.kr/news/view.php?idx=45298', 'link': 'http://amenews.kr/news/view.php?idx=45298', 'description': '<b>현대차</b> 관계자는 “현대자동차는 클린 모빌리티에 대한 브랜드 비전을 전달하며 성장하고 있으며 수소에너지로 지구를 지키는 노력들을 MZ세대와 진정성있게 소통해 앞으로도 수소 기술 글로벌 리더십을 알리기 위한... ', 'pubDate': 'Fri, 04 Jun 2021 17:20:00 +0900'}"
85,"Sat, 05 Jun 2021 20:46:22 +0900",1234428,1,100,"{'title': '<b>현대차</b> 사무직노조 정의선 회장 상견례 불발… &quot;각 사에서 진행할 사안&quot;', 'originallink': 'http://moneys.mt.co.kr/news/mwView.php?no=2021060416548016138', 'link': 'https://news.naver.com/main/read.nhn?mode=LSD&mid=sec&sid1=103&oid=417&aid=0000701049', 'description': '4일 업계에 따르면 <b>현대차</b>그룹 사무·연구직 노조는 지난달 20일 정 회장측에 상견례를 요청하는 공문을 발송했고 이날 최종적으로 &quot;만나기 어렵다&quot;는 답변을 받았다. <b>현대차</b>그룹은 &quot;임금과 근로조건을 결정하는... ', 'pubDate': 'Fri, 04 Jun 2021 17:18:00 +0900'}"
86,"Sat, 05 Jun 2021 20:46:22 +0900",1234428,1,100,"{'title': '주첸나이한국총영사관, 남인도 한국기업에 법률서비스 제공', 'originallink': 'http://www.worldkorean.net/news/articleView.html?idxno=40161', 'link': 'http://www.worldkorean.net/news/articleView.html?idxno=40161', 'description': '총영사관이 관할하는 남인도 4개 주에는 첸나이 <b>현대차</b>와 삼성전자, 안드라프라데시주의 기아차, 벵갈루루의 삼성전자R&amp;D 센터 등 250개 기업이 진출해 있다. 총영사관은 우선 온라인, 전화상담, 방문 면담 등을 통해... ', 'pubDate': 'Fri, 04 Jun 2021 17:16:00 +0900'}"
87,"Sat, 05 Jun 2021 20:46:22 +0900",1234428,1,100,"{'title': '삼성전자 미국 투자 ‘장고 끝에 한수’', 'originallink': 'http://weekly.khan.co.kr/khnm.html?mode=view&code=114&artid=202105281132451', 'link': 'https://news.naver.com/main/read.nhn?mode=LSD&mid=sec&sid1=101&oid=033&aid=0000042675', 'description': '<b>현대차</b>·SK·LG그룹은 전기차와 전기차 배터리로 미국 시장을 공략할 투자 계획을 발표했다. 한미 정부 모두 화룡점정을 찍을 삼성전자의 투자 결정을 원했다. 결국 삼성전자는 미국 지방정부와의 투자 협상을 마치지 않은... ', 'pubDate': 'Fri, 04 Jun 2021 17:16:00 +0900'}"
88,"Sat, 05 Jun 2021 20:46:22 +0900",1234428,1,100,"{'title': '[메타버스 혁명]② 국내 메타버스 산업 어디까지 왔나', 'originallink': 'https://weekly.hankooki.com/lpage/ittech/202106/wk20210604171126146560.htm?s_ref=nv', 'link': 'https://weekly.hankooki.com/lpage/ittech/202106/wk20210604171126146560.htm?s_ref=nv', 'description': '얼라이언스에는 <b>현대차</b>, 네이버랩스, 카카오엔터테인먼트, SK텔레콤, KT, LG유플러스, CJ ENM, 롯데월드, 분당서울대병원과 KBS, MBC, SBS, EBS 등 25곳이 참여했다. 정보통신산업진흥원, 한국전자통신연구원 등 공공기관도 함께... ', 'pubDate': 'Fri, 04 Jun 2021 17:12:00 +0900'}"
89,"Sat, 05 Jun 2021 20:46:22 +0900",1234428,1,100,"{'title': ""[단독] <b>현대차</b> '셔클' 상표 등록, 미래 운송 서비스 청사진 살펴보니..."", 'originallink': 'http://www.bizhankook.com/article/22026', 'link': 'http://www.bizhankook.com/article/22026', 'description': '2025년까지 ‘스마트 모빌리티 서비스\u200b’를 사업축으로 세우겠다는 <b>현대차</b> 혁신 전략이 이 상표를 중심으로 전개될 것이라는 관측이 제기된다. <b>현대차</b>는 “모방 상표 등록을 방지하기 위한 것일 뿐”이라며 일축했다.... ', 'pubDate': 'Fri, 04 Jun 2021 17:12:00 +0900'}"
90,"Sat, 05 Jun 2021 20:46:22 +0900",1234428,1,100,"{'title': ""경기회복 기대감 '솔솔'…'민감주 담아야 하나'"", 'originallink': 'http://www.sisaon.co.kr/news/articleView.html?idxno=128119', 'link': 'http://www.sisaon.co.kr/news/articleView.html?idxno=128119', 'description': '더욱이 기관 투자자들도 같은 기간 △<b>현대차</b>(5490억 원) △기아(4820억 원) △대한항공(2260억 원)\xa0△삼성바이오로직스(2020억 원)를 순매수하면서 경기민감주에 대한 관심을 높여 갔다. 증권가에서는 향후에도 민감주에... ', 'pubDate': 'Fri, 04 Jun 2021 17:12:00 +0900'}"
91,"Sat, 05 Jun 2021 20:46:22 +0900",1234428,1,100,"{'title': '투자가 잘 안될 땐 항상 재무제표로 돌아가라!', 'originallink': 'http://www.itooza.com/common/iview.php?no=2021060413000998688', 'link': 'http://www.itooza.com/common/iview.php?no=2021060413000998688', 'description': '한국 주식에도 얼마든지 적용이 가능한 재무제표 입문서를 통해 주식 중상급자로 레벨업해보자. 책 자세히 보기 &lt;참고&gt; 시가총액 상위 관심 종목 : 삼성전자 SK하이닉스 NAVER LG화학 카카오 삼성바이오로직스 <b>현대차</b>', 'pubDate': 'Fri, 04 Jun 2021 17:10:00 +0900'}"
92,"Sat, 05 Jun 2021 20:46:22 +0900",1234428,1,100,"{'title': '문승욱·이호승, 삼성전자·<b>현대차</b>·SK·LG·롯데 사장단과 회동…경제계 애로...', 'originallink': 'http://apnews.kr/View.aspx?No=1659741', 'link': 'http://apnews.kr/View.aspx?No=1659741', 'description': 'AP신문 김상준 기\xad자 산업통상자원부 문승욱 장관과 청와대 이호승 대통령 정책실장은 4일 5대 그룹 사장단과 면담을 진행했다. 5대 그룹 사장단으로는 이인용 삼성전자 사장, 공영운 현대자동차 사장, 장동현 SK 사장... ', 'pubDate': 'Fri, 04 Jun 2021 17:08:00 +0900'}"
93,"Sat, 05 Jun 2021 20:46:22 +0900",1234428,1,100,"{'title': ""홀인원 풍년 KLPGA, 5R 연속 '새 역사'"", 'originallink': 'https://www.sedaily.com/NewsView/22NI849R2Y', 'link': 'https://sports.news.naver.com/news.nhn?oid=011&aid=0003919258', 'description': '6명 중 홀인원 상품은 김초연(<b>현대차</b> 스타리아)과 조혜림(<b>현대차</b> 아이오닉5)만 받았다. KLPGA 투어에서 5개 라운드 연속 홀인원은 최초 기록이다. 4개 라운드 연속 기록이 세 차례(2016·2017·2020년) 있었다. 이틀간 3개... ', 'pubDate': 'Fri, 04 Jun 2021 17:06:00 +0900'}"
94,"Sat, 05 Jun 2021 20:46:22 +0900",1234428,1,100,"{'title': '문승욱·이호승, 5대 그룹 회장단 면담…“경제계 노력에 감사”', 'originallink': 'https://biz.chosun.com/policy/policy_sub/2021/06/04/ZD7SMQYCEVALPK6LY7MYLCKR2A/?utm_source=naver&utm_medium=original&utm_campaign=biz', 'link': 'https://news.naver.com/main/read.nhn?mode=LSD&mid=sec&sid1=101&oid=366&aid=0000728260', 'description': '이날 회동에는 이인용 삼성전자 사장, 공영운 <b>현대차</b> 사장, 장동현 SK 사장, 권영수 LG 부회장, 이동우 롯데지주 사장 등이 참석했다. 문 장관은 취임 직후 경제계와의 소통행보를 이어왔으며, 5대 그룹 사장단과 회동을... ', 'pubDate': 'Fri, 04 Jun 2021 17:00:00 +0900'}"
95,"Sat, 05 Jun 2021 20:46:22 +0900",1234428,1,100,"{'title': '[이 시각 주요뉴스(17:00)] 울산 폐산 처리업체서 노란 연기 다량 발생..주민...', 'originallink': 'http://www.seoulwire.com/news/articleView.html?idxno=444614', 'link': 'http://www.seoulwire.com/news/articleView.html?idxno=444614', 'description': ""경기과열 부작용 우려도 (경향신문) ▲'박스피' 탈출 시동..삼성전자·<b>현대차</b>가 끌고 간다 (비즈니스워치) ▲&quot;GTX-D 강남 직결·5호선 김포 연장 촉구&quot;..시민들 삭발 투쟁 (이데일리) [서울와이어 제공]"", 'pubDate': 'Fri, 04 Jun 2021 17:00:00 +0900'}"
96,"Sat, 05 Jun 2021 20:46:22 +0900",1234428,1,100,"{'title': '[4일(금) 마감시황]코스피ㆍ코스닥, 하락 마감.. 테이퍼링 우려감 여전.. 대한...', 'originallink': 'http://www.idsn.co.kr/news/articleView.html?idxno=47918', 'link': 'http://www.idsn.co.kr/news/articleView.html?idxno=47918', 'description': '4일 <b>현대차</b>와 기아 등이 선전하며 지수 버팀목 역할을 톡톡히 해주었다. 자동차주의 호조가 두드러졌다. <b>현대차</b>(005380)와 기아(000270)는 각각 1%대, 2%대 올랐고 현대모비스(012330)도 3%대 상승했다. <b>현대차</b>와 기아는... ', 'pubDate': 'Fri, 04 Jun 2021 16:58:00 +0900'}"
97,"Sat, 05 Jun 2021 20:46:22 +0900",1234428,1,100,"{'title': '반도체 수급난에 첫 맞대결서 패한 아이오닉5, 언제쯤 모델Y 넘을까?', 'originallink': 'http://www.autodaily.co.kr/news/articleView.html?idxno=427886', 'link': 'http://www.autodaily.co.kr/news/articleView.html?idxno=427886', 'description': '<b>현대차</b>는 아이오닉5의 출고를 지난 4월 28일에 개시했다. <b>현대차</b>는 당초 4월 중 아이오닉5의 출고를 개시할 예정이었으나 구동모터 생산 차질과 반도체 수급 문제로 4월 생산 계획이 목표했던 1만대의 4분의 1수준인... ', 'pubDate': 'Fri, 04 Jun 2021 16:54:00 +0900'}"
98,"Sat, 05 Jun 2021 20:46:22 +0900",1234428,1,100,"{'title': ""<b>현대차</b>·기아, 협력사 대상 '찾아가는 포상 이벤트' 실시"", 'originallink': 'http://www.wsobi.com/news/articleView.html?idxno=124077', 'link': 'http://www.wsobi.com/news/articleView.html?idxno=124077', 'description': '<b>현대차</b>와 기아는 코로나19 장기화로 힘든 대외적 여건 속에서도 적극적인 협업을 통해 차량 개발에 기여한... <b>현대차</b>ㆍ기아는 GV70을 비롯해 K8, 아이오닉 5, EV6 등 <b>현대차</b>와 기아의 신차 개발 및 품질에 기여한 총 14곳의... ', 'pubDate': 'Fri, 04 Jun 2021 16:52:00 +0900'}"
99,"Sat, 05 Jun 2021 20:46:22 +0900",1234428,1,100,"{'title': ""정의선 회장, &quot;全 단계에서 탄소 중립&quot;…전기·수소 '투트랙' 전략 박차"", 'originallink': 'http://www.ftoday.co.kr/news/articleView.html?idxno=216803', 'link': 'http://www.ftoday.co.kr/news/articleView.html?idxno=216803', 'description': ""정의선 <b>현대차</b>그룹 회장. 사진=연합뉴스 정부는 물론 전세계가 주목하고 있는 '2050 탄소중립' 선언으로... 담당하는 <b>현대차</b> 또한 자사 사업 추진에 있어 '전 단계 탄소중립'을 선언해 이목이 집중되고 있다. 정의선... "", 'pubDate': 'Fri, 04 Jun 2021 16:52:00 +0900'}"
