,title,code,sise_url
0,삼성전자,005930,https://finance.naver.com/sise/sise_market_sum.nhn?code=005930
1,SK하이닉스,000660,https://finance.naver.com/sise/sise_market_sum.nhn?code=000660
2,NAVER,035420,https://finance.naver.com/sise/sise_market_sum.nhn?code=035420
3,삼성전자우,005935,https://finance.naver.com/sise/sise_market_sum.nhn?code=005935
4,카카오,035720,https://finance.naver.com/sise/sise_market_sum.nhn?code=035720
5,LG화학,051910,https://finance.naver.com/sise/sise_market_sum.nhn?code=051910
6,삼성바이오로직스,207940,https://finance.naver.com/sise/sise_market_sum.nhn?code=207940
7,현대차,005380,https://finance.naver.com/sise/sise_market_sum.nhn?code=005380
8,삼성SDI,006400,https://finance.naver.com/sise/sise_market_sum.nhn?code=006400
9,셀트리온,068270,https://finance.naver.com/sise/sise_market_sum.nhn?code=068270
10,기아,000270,https://finance.naver.com/sise/sise_market_sum.nhn?code=000270
11,POSCO,005490,https://finance.naver.com/sise/sise_market_sum.nhn?code=005490
12,현대모비스,012330,https://finance.naver.com/sise/sise_market_sum.nhn?code=012330
13,삼성물산,028260,https://finance.naver.com/sise/sise_market_sum.nhn?code=028260
14,SK이노베이션,096770,https://finance.naver.com/sise/sise_market_sum.nhn?code=096770
15,LG전자,066570,https://finance.naver.com/sise/sise_market_sum.nhn?code=066570
16,LG생활건강,051900,https://finance.naver.com/sise/sise_market_sum.nhn?code=051900
17,KB금융,105560,https://finance.naver.com/sise/sise_market_sum.nhn?code=105560
18,SK텔레콤,017670,https://finance.naver.com/sise/sise_market_sum.nhn?code=017670
19,신한지주,055550,https://finance.naver.com/sise/sise_market_sum.nhn?code=055550
20,SK,034730,https://finance.naver.com/sise/sise_market_sum.nhn?code=034730
21,엔씨소프트,036570,https://finance.naver.com/sise/sise_market_sum.nhn?code=036570
22,한국전력,015760,https://finance.naver.com/sise/sise_market_sum.nhn?code=015760
23,아모레퍼시픽,090430,https://finance.naver.com/sise/sise_market_sum.nhn?code=090430
24,삼성생명,032830,https://finance.naver.com/sise/sise_market_sum.nhn?code=032830
25,LG,003550,https://finance.naver.com/sise/sise_market_sum.nhn?code=003550
26,HMM,011200,https://finance.naver.com/sise/sise_market_sum.nhn?code=011200
27,삼성에스디에스,018260,https://finance.naver.com/sise/sise_market_sum.nhn?code=018260
28,하나금융지주,086790,https://finance.naver.com/sise/sise_market_sum.nhn?code=086790
29,삼성전기,009150,https://finance.naver.com/sise/sise_market_sum.nhn?code=009150
30,넷마블,251270,https://finance.naver.com/sise/sise_market_sum.nhn?code=251270
31,SK바이오사이언스,302440,https://finance.naver.com/sise/sise_market_sum.nhn?code=302440
32,대한항공,003490,https://finance.naver.com/sise/sise_market_sum.nhn?code=003490
33,S-Oil,010950,https://finance.naver.com/sise/sise_market_sum.nhn?code=010950
34,KT&G;,033780,https://finance.naver.com/sise/sise_market_sum.nhn?code=033780
35,포스코케미칼,003670,https://finance.naver.com/sise/sise_market_sum.nhn?code=003670
36,삼성화재,000810,https://finance.naver.com/sise/sise_market_sum.nhn?code=000810
37,SK아이이테크놀로지,361610,https://finance.naver.com/sise/sise_market_sum.nhn?code=361610
38,두산중공업,034020,https://finance.naver.com/sise/sise_market_sum.nhn?code=034020
39,한국조선해양,009540,https://finance.naver.com/sise/sise_market_sum.nhn?code=009540
40,하이브,352820,https://finance.naver.com/sise/sise_market_sum.nhn?code=352820
41,SK바이오팜,326030,https://finance.naver.com/sise/sise_market_sum.nhn?code=326030
42,한온시스템,018880,https://finance.naver.com/sise/sise_market_sum.nhn?code=018880
43,롯데케미칼,011170,https://finance.naver.com/sise/sise_market_sum.nhn?code=011170
44,KT,030200,https://finance.naver.com/sise/sise_market_sum.nhn?code=030200
45,한화솔루션,009830,https://finance.naver.com/sise/sise_market_sum.nhn?code=009830
46,우리금융지주,316140,https://finance.naver.com/sise/sise_market_sum.nhn?code=316140
47,고려아연,010130,https://finance.naver.com/sise/sise_market_sum.nhn?code=010130
48,LG디스플레이,034220,https://finance.naver.com/sise/sise_market_sum.nhn?code=034220
49,기업은행,024110,https://finance.naver.com/sise/sise_market_sum.nhn?code=024110
50,현대글로비스,086280,https://finance.naver.com/sise/sise_market_sum.nhn?code=086280
51,CJ제일제당,097950,https://finance.naver.com/sise/sise_market_sum.nhn?code=097950
52,LG유플러스,032640,https://finance.naver.com/sise/sise_market_sum.nhn?code=032640
53,현대제철,004020,https://finance.naver.com/sise/sise_market_sum.nhn?code=004020
54,한국타이어앤테크놀로지,161390,https://finance.naver.com/sise/sise_market_sum.nhn?code=161390
55,아모레G,002790,https://finance.naver.com/sise/sise_market_sum.nhn?code=002790
56,금호석유,011780,https://finance.naver.com/sise/sise_market_sum.nhn?code=011780
57,현대건설,000720,https://finance.naver.com/sise/sise_market_sum.nhn?code=000720
58,미래에셋증권,006800,https://finance.naver.com/sise/sise_market_sum.nhn?code=006800
59,강원랜드,035250,https://finance.naver.com/sise/sise_market_sum.nhn?code=035250
60,한국금융지주,071050,https://finance.naver.com/sise/sise_market_sum.nhn?code=071050
61,코웨이,021240,https://finance.naver.com/sise/sise_market_sum.nhn?code=021240
62,현대중공업지주,267250,https://finance.naver.com/sise/sise_market_sum.nhn?code=267250
63,한진칼,180640,https://finance.naver.com/sise/sise_market_sum.nhn?code=180640
64,LG이노텍,011070,https://finance.naver.com/sise/sise_market_sum.nhn?code=011070
65,SKC,011790,https://finance.naver.com/sise/sise_market_sum.nhn?code=011790
66,두산밥캣,241560,https://finance.naver.com/sise/sise_market_sum.nhn?code=241560
67,맥쿼리인프라,088980,https://finance.naver.com/sise/sise_market_sum.nhn?code=088980
68,오리온,271560,https://finance.naver.com/sise/sise_market_sum.nhn?code=271560
69,한미사이언스,008930,https://finance.naver.com/sise/sise_market_sum.nhn?code=008930
70,유한양행,000100,https://finance.naver.com/sise/sise_market_sum.nhn?code=000100
71,이마트,139480,https://finance.naver.com/sise/sise_market_sum.nhn?code=139480
72,롯데지주,004990,https://finance.naver.com/sise/sise_market_sum.nhn?code=004990
73,GS,078930,https://finance.naver.com/sise/sise_market_sum.nhn?code=078930
74,삼성중공업,010140,https://finance.naver.com/sise/sise_market_sum.nhn?code=010140
75,현대차2우B,005387,https://finance.naver.com/sise/sise_market_sum.nhn?code=005387
76,삼성엔지니어링,028050,https://finance.naver.com/sise/sise_market_sum.nhn?code=028050
77,쌍용C&E;,003410,https://finance.naver.com/sise/sise_market_sum.nhn?code=003410
78,F&F;,383220,https://finance.naver.com/sise/sise_market_sum.nhn?code=383220
79,KODEX 200,069500,https://finance.naver.com/sise/sise_market_sum.nhn?code=069500
80,삼성증권,016360,https://finance.naver.com/sise/sise_market_sum.nhn?code=016360
81,신풍제약,019170,https://finance.naver.com/sise/sise_market_sum.nhn?code=019170
82,대우조선해양,042660,https://finance.naver.com/sise/sise_market_sum.nhn?code=042660
83,한미약품,128940,https://finance.naver.com/sise/sise_market_sum.nhn?code=128940
84,호텔신라,008770,https://finance.naver.com/sise/sise_market_sum.nhn?code=008770
85,삼성카드,029780,https://finance.naver.com/sise/sise_market_sum.nhn?code=029780
86,녹십자,006280,https://finance.naver.com/sise/sise_market_sum.nhn?code=006280
87,CJ대한통운,000120,https://finance.naver.com/sise/sise_market_sum.nhn?code=000120
88,대우건설,047040,https://finance.naver.com/sise/sise_market_sum.nhn?code=047040
89,GS건설,006360,https://finance.naver.com/sise/sise_market_sum.nhn?code=006360
90,NH투자증권,005940,https://finance.naver.com/sise/sise_market_sum.nhn?code=005940
91,팬오션,028670,https://finance.naver.com/sise/sise_market_sum.nhn?code=028670
92,DB손해보험,005830,https://finance.naver.com/sise/sise_market_sum.nhn?code=005830
93,한국가스공사,036460,https://finance.naver.com/sise/sise_market_sum.nhn?code=036460
94,롯데쇼핑,023530,https://finance.naver.com/sise/sise_market_sum.nhn?code=023530
95,씨에스윈드,112610,https://finance.naver.com/sise/sise_market_sum.nhn?code=112610
96,현대미포조선,010620,https://finance.naver.com/sise/sise_market_sum.nhn?code=010620
97,휠라홀딩스,081660,https://finance.naver.com/sise/sise_market_sum.nhn?code=081660
98,한국항공우주,047810,https://finance.naver.com/sise/sise_market_sum.nhn?code=047810
99,현대오토에버,307950,https://finance.naver.com/sise/sise_market_sum.nhn?code=307950
100,두산인프라코어,042670,https://finance.naver.com/sise/sise_market_sum.nhn?code=042670
101,BGF리테일,282330,https://finance.naver.com/sise/sise_market_sum.nhn?code=282330
102,한화생명,088350,https://finance.naver.com/sise/sise_market_sum.nhn?code=088350
103,CJ,001040,https://finance.naver.com/sise/sise_market_sum.nhn?code=001040
104,에스원,012750,https://finance.naver.com/sise/sise_market_sum.nhn?code=012750
105,SK케미칼,285130,https://finance.naver.com/sise/sise_market_sum.nhn?code=285130
106,키움증권,039490,https://finance.naver.com/sise/sise_market_sum.nhn?code=039490
107,일진머티리얼즈,020150,https://finance.naver.com/sise/sise_market_sum.nhn?code=020150
108,만도,204320,https://finance.naver.com/sise/sise_market_sum.nhn?code=204320
109,동서,026960,https://finance.naver.com/sise/sise_market_sum.nhn?code=026960
110,효성티앤씨,298020,https://finance.naver.com/sise/sise_market_sum.nhn?code=298020
111,두산퓨얼셀,336260,https://finance.naver.com/sise/sise_market_sum.nhn?code=336260
112,메리츠증권,008560,https://finance.naver.com/sise/sise_market_sum.nhn?code=008560
113,신세계,004170,https://finance.naver.com/sise/sise_market_sum.nhn?code=004170
114,OCI,010060,https://finance.naver.com/sise/sise_market_sum.nhn?code=010060
115,제일기획,030000,https://finance.naver.com/sise/sise_market_sum.nhn?code=030000
116,GS리테일,007070,https://finance.naver.com/sise/sise_market_sum.nhn?code=007070
117,LG화학우,051915,https://finance.naver.com/sise/sise_market_sum.nhn?code=051915
118,한솔케미칼,014680,https://finance.naver.com/sise/sise_market_sum.nhn?code=014680
119,현대차우,005385,https://finance.naver.com/sise/sise_market_sum.nhn?code=005385
120,하이트진로,000080,https://finance.naver.com/sise/sise_market_sum.nhn?code=000080
121,KCC,002380,https://finance.naver.com/sise/sise_market_sum.nhn?code=002380
122,현대로템,064350,https://finance.naver.com/sise/sise_market_sum.nhn?code=064350
123,대한전선,001440,https://finance.naver.com/sise/sise_market_sum.nhn?code=001440
124,DL이앤씨,375500,https://finance.naver.com/sise/sise_market_sum.nhn?code=375500
125,포스코인터내셔널,047050,https://finance.naver.com/sise/sise_market_sum.nhn?code=047050
126,KODEX 단기채권,153130,https://finance.naver.com/sise/sise_market_sum.nhn?code=153130
127,한샘,009240,https://finance.naver.com/sise/sise_market_sum.nhn?code=009240
128,BNK금융지주,138930,https://finance.naver.com/sise/sise_market_sum.nhn?code=138930
129,한화에어로스페이스,012450,https://finance.naver.com/sise/sise_market_sum.nhn?code=012450
130,더존비즈온,012510,https://finance.naver.com/sise/sise_market_sum.nhn?code=012510
131,현대위아,011210,https://finance.naver.com/sise/sise_market_sum.nhn?code=011210
132,DB하이텍,000990,https://finance.naver.com/sise/sise_market_sum.nhn?code=000990
133,한화,000880,https://finance.naver.com/sise/sise_market_sum.nhn?code=000880
134,KODEX 200선물인버스2X,252670,https://finance.naver.com/sise/sise_market_sum.nhn?code=252670
135,메리츠금융지주,138040,https://finance.naver.com/sise/sise_market_sum.nhn?code=138040
136,LS,006260,https://finance.naver.com/sise/sise_market_sum.nhn?code=006260
137,현대엘리베이,017800,https://finance.naver.com/sise/sise_market_sum.nhn?code=017800
138,TIGER 200,102110,https://finance.naver.com/sise/sise_market_sum.nhn?code=102110
139,대웅,003090,https://finance.naver.com/sise/sise_market_sum.nhn?code=003090
140,메리츠화재,000060,https://finance.naver.com/sise/sise_market_sum.nhn?code=000060
141,현대해상,001450,https://finance.naver.com/sise/sise_market_sum.nhn?code=001450
142,금호타이어,073240,https://finance.naver.com/sise/sise_market_sum.nhn?code=073240
143,현대백화점,069960,https://finance.naver.com/sise/sise_market_sum.nhn?code=069960
144,동국제강,001230,https://finance.naver.com/sise/sise_market_sum.nhn?code=001230
145,효성,004800,https://finance.naver.com/sise/sise_market_sum.nhn?code=004800
146,한전기술,052690,https://finance.naver.com/sise/sise_market_sum.nhn?code=052690
147,영원무역,111770,https://finance.naver.com/sise/sise_market_sum.nhn?code=111770
148,오뚜기,007310,https://finance.naver.com/sise/sise_market_sum.nhn?code=007310
149,HDC현대산업개발,294870,https://finance.naver.com/sise/sise_market_sum.nhn?code=294870
150,한전KPS,051600,https://finance.naver.com/sise/sise_market_sum.nhn?code=051600
151,KG동부제철,016380,https://finance.naver.com/sise/sise_market_sum.nhn?code=016380
152,한국앤컴퍼니,000240,https://finance.naver.com/sise/sise_market_sum.nhn?code=000240
153,한화시스템,272210,https://finance.naver.com/sise/sise_market_sum.nhn?code=272210
154,대웅제약,069620,https://finance.naver.com/sise/sise_market_sum.nhn?code=069620
155,KODEX 단기채권PLUS,214980,https://finance.naver.com/sise/sise_market_sum.nhn?code=214980
156,아이에스동서,010780,https://finance.naver.com/sise/sise_market_sum.nhn?code=010780
157,농심,004370,https://finance.naver.com/sise/sise_market_sum.nhn?code=004370
158,LS ELECTRIC,010120,https://finance.naver.com/sise/sise_market_sum.nhn?code=010120
159,코오롱인더,120110,https://finance.naver.com/sise/sise_market_sum.nhn?code=120110
160,프레스티지바이오파마,950210,https://finance.naver.com/sise/sise_market_sum.nhn?code=950210
161,DL,000210,https://finance.naver.com/sise/sise_market_sum.nhn?code=000210
162,한미반도체,042700,https://finance.naver.com/sise/sise_market_sum.nhn?code=042700
163,에스엘,005850,https://finance.naver.com/sise/sise_market_sum.nhn?code=005850
164,롯데정밀화학,004000,https://finance.naver.com/sise/sise_market_sum.nhn?code=004000
165,신세계인터내셔날,031430,https://finance.naver.com/sise/sise_market_sum.nhn?code=031430
166,효성첨단소재,298050,https://finance.naver.com/sise/sise_market_sum.nhn?code=298050
167,대한유화,006650,https://finance.naver.com/sise/sise_market_sum.nhn?code=006650
168,녹십자홀딩스,005250,https://finance.naver.com/sise/sise_market_sum.nhn?code=005250
169,지누스,013890,https://finance.naver.com/sise/sise_market_sum.nhn?code=013890
170,DGB금융지주,139130,https://finance.naver.com/sise/sise_market_sum.nhn?code=139130
171,KODEX 삼성그룹,102780,https://finance.naver.com/sise/sise_market_sum.nhn?code=102780
172,두산,000150,https://finance.naver.com/sise/sise_market_sum.nhn?code=000150
173,롯데관광개발,032350,https://finance.naver.com/sise/sise_market_sum.nhn?code=032350
174,KODEX 레버리지,122630,https://finance.naver.com/sise/sise_market_sum.nhn?code=122630
175,세방전지,004490,https://finance.naver.com/sise/sise_market_sum.nhn?code=004490
176,부광약품,003000,https://finance.naver.com/sise/sise_market_sum.nhn?code=003000
177,SK네트웍스,001740,https://finance.naver.com/sise/sise_market_sum.nhn?code=001740
178,종근당,185750,https://finance.naver.com/sise/sise_market_sum.nhn?code=185750
179,LG생활건강우,051905,https://finance.naver.com/sise/sise_market_sum.nhn?code=051905
180,NHN,181710,https://finance.naver.com/sise/sise_market_sum.nhn?code=181710
181,솔루스첨단소재,336370,https://finance.naver.com/sise/sise_market_sum.nhn?code=336370
182,롯데리츠,330590,https://finance.naver.com/sise/sise_market_sum.nhn?code=330590
183,JB금융지주,175330,https://finance.naver.com/sise/sise_market_sum.nhn?code=175330
184,태광산업,003240,https://finance.naver.com/sise/sise_market_sum.nhn?code=003240
185,KODEX 종합채권(AA-이상)액티브,273130,https://finance.naver.com/sise/sise_market_sum.nhn?code=273130
186,롯데칠성,005300,https://finance.naver.com/sise/sise_market_sum.nhn?code=005300
187,KODEX MSCI Korea TR,278540,https://finance.naver.com/sise/sise_market_sum.nhn?code=278540
188,KODEX 200TR,278530,https://finance.naver.com/sise/sise_market_sum.nhn?code=278530
189,한국콜마,161890,https://finance.naver.com/sise/sise_market_sum.nhn?code=161890
190,솔루엠,248070,https://finance.naver.com/sise/sise_market_sum.nhn?code=248070
191,코스맥스,192820,https://finance.naver.com/sise/sise_market_sum.nhn?code=192820
192,이노션,214320,https://finance.naver.com/sise/sise_market_sum.nhn?code=214320
193,LG전자우,066575,https://finance.naver.com/sise/sise_market_sum.nhn?code=066575
194,아시아나항공,020560,https://finance.naver.com/sise/sise_market_sum.nhn?code=020560
195,하나투어,039130,https://finance.naver.com/sise/sise_market_sum.nhn?code=039130
196,영풍,000670,https://finance.naver.com/sise/sise_market_sum.nhn?code=000670
197,다우기술,023590,https://finance.naver.com/sise/sise_market_sum.nhn?code=023590
198,KODEX 2차전지산업,305720,https://finance.naver.com/sise/sise_market_sum.nhn?code=305720
199,TIGER 단기통안채,157450,https://finance.naver.com/sise/sise_market_sum.nhn?code=157450
200,보령제약,003850,https://finance.naver.com/sise/sise_market_sum.nhn?code=003850
201,더블유게임즈,192080,https://finance.naver.com/sise/sise_market_sum.nhn?code=192080
202,SK가스,018670,https://finance.naver.com/sise/sise_market_sum.nhn?code=018670
203,KBSTAR 200,148020,https://finance.naver.com/sise/sise_market_sum.nhn?code=148020
204,KODEX 인버스,114800,https://finance.naver.com/sise/sise_market_sum.nhn?code=114800
205,한일시멘트,300720,https://finance.naver.com/sise/sise_market_sum.nhn?code=300720
206,LG상사,001120,https://finance.naver.com/sise/sise_market_sum.nhn?code=001120
207,코리안리,003690,https://finance.naver.com/sise/sise_market_sum.nhn?code=003690
208,티와이홀딩스,363280,https://finance.naver.com/sise/sise_market_sum.nhn?code=363280
209,GKL,114090,https://finance.naver.com/sise/sise_market_sum.nhn?code=114090
210,CJ CGV,079160,https://finance.naver.com/sise/sise_market_sum.nhn?code=079160
211,동원시스템즈,014820,https://finance.naver.com/sise/sise_market_sum.nhn?code=014820
212,오리온홀딩스,001800,https://finance.naver.com/sise/sise_market_sum.nhn?code=001800
213,영진약품,003520,https://finance.naver.com/sise/sise_market_sum.nhn?code=003520
214,한올바이오파마,009420,https://finance.naver.com/sise/sise_market_sum.nhn?code=009420
215,현대그린푸드,005440,https://finance.naver.com/sise/sise_market_sum.nhn?code=005440
216,한화투자증권,003530,https://finance.naver.com/sise/sise_market_sum.nhn?code=003530
217,제주항공,089590,https://finance.naver.com/sise/sise_market_sum.nhn?code=089590
218,진에어,272450,https://finance.naver.com/sise/sise_market_sum.nhn?code=272450
219,세아베스틸,001430,https://finance.naver.com/sise/sise_market_sum.nhn?code=001430
220,풍산,103140,https://finance.naver.com/sise/sise_market_sum.nhn?code=103140
221,한섬,020000,https://finance.naver.com/sise/sise_market_sum.nhn?code=020000
222,미원상사,002840,https://finance.naver.com/sise/sise_market_sum.nhn?code=002840
223,화승엔터프라이즈,241590,https://finance.naver.com/sise/sise_market_sum.nhn?code=241590
224,현대홈쇼핑,057050,https://finance.naver.com/sise/sise_market_sum.nhn?code=057050
225,쿠쿠홈시스,284740,https://finance.naver.com/sise/sise_market_sum.nhn?code=284740
226,아모레퍼시픽우,090435,https://finance.naver.com/sise/sise_market_sum.nhn?code=090435
227,ESR켄달스퀘어리츠,365550,https://finance.naver.com/sise/sise_market_sum.nhn?code=365550
228,현대건설기계,267270,https://finance.naver.com/sise/sise_market_sum.nhn?code=267270
229,동원산업,006040,https://finance.naver.com/sise/sise_market_sum.nhn?code=006040
230,명신산업,009900,https://finance.naver.com/sise/sise_market_sum.nhn?code=009900
231,SK디스커버리,006120,https://finance.naver.com/sise/sise_market_sum.nhn?code=006120
232,TIGER MSCI Korea TR,310970,https://finance.naver.com/sise/sise_market_sum.nhn?code=310970
233,SNT모티브,064960,https://finance.naver.com/sise/sise_market_sum.nhn?code=064960
234,KODEX 코스닥150 레버리지,233740,https://finance.naver.com/sise/sise_market_sum.nhn?code=233740
235,케이씨씨글라스,344820,https://finance.naver.com/sise/sise_market_sum.nhn?code=344820
236,파미셀,005690,https://finance.naver.com/sise/sise_market_sum.nhn?code=005690
237,효성화학,298000,https://finance.naver.com/sise/sise_market_sum.nhn?code=298000
238,대상,001680,https://finance.naver.com/sise/sise_market_sum.nhn?code=001680
239,한국단자,025540,https://finance.naver.com/sise/sise_market_sum.nhn?code=025540
240,쿠쿠홀딩스,192400,https://finance.naver.com/sise/sise_market_sum.nhn?code=192400
241,LIG넥스원,079550,https://finance.naver.com/sise/sise_market_sum.nhn?code=079550
242,유안타증권,003470,https://finance.naver.com/sise/sise_market_sum.nhn?code=003470
243,한세실업,105630,https://finance.naver.com/sise/sise_market_sum.nhn?code=105630
244,후성,093370,https://finance.naver.com/sise/sise_market_sum.nhn?code=093370
245,삼양홀딩스,000070,https://finance.naver.com/sise/sise_market_sum.nhn?code=000070
246,롯데하이마트,071840,https://finance.naver.com/sise/sise_market_sum.nhn?code=071840
247,롯데제과,280360,https://finance.naver.com/sise/sise_market_sum.nhn?code=280360
248,대신증권,003540,https://finance.naver.com/sise/sise_market_sum.nhn?code=003540
249,우리종금,010050,https://finance.naver.com/sise/sise_market_sum.nhn?code=010050
250,TIGER 차이나전기차SOLACTIVE,371460,https://finance.naver.com/sise/sise_market_sum.nhn?code=371460
251,진원생명과학,011000,https://finance.naver.com/sise/sise_market_sum.nhn?code=011000
252,미원에스씨,268280,https://finance.naver.com/sise/sise_market_sum.nhn?code=268280
253,휴켐스,069260,https://finance.naver.com/sise/sise_market_sum.nhn?code=069260
254,SBS,034120,https://finance.naver.com/sise/sise_market_sum.nhn?code=034120
255,동양생명,082640,https://finance.naver.com/sise/sise_market_sum.nhn?code=082640
256,동원F&B;,049770,https://finance.naver.com/sise/sise_market_sum.nhn?code=049770
257,경동나비엔,009450,https://finance.naver.com/sise/sise_market_sum.nhn?code=009450
258,TIGER 200 IT,139260,https://finance.naver.com/sise/sise_market_sum.nhn?code=139260
259,넥센타이어,002350,https://finance.naver.com/sise/sise_market_sum.nhn?code=002350
260,제이알글로벌리츠,348950,https://finance.naver.com/sise/sise_market_sum.nhn?code=348950
261,제이콘텐트리,036420,https://finance.naver.com/sise/sise_market_sum.nhn?code=036420
262,LG하우시스,108670,https://finance.naver.com/sise/sise_market_sum.nhn?code=108670
263,TIGER 2차전지테마,305540,https://finance.naver.com/sise/sise_market_sum.nhn?code=305540
264,HANARO 200,293180,https://finance.naver.com/sise/sise_market_sum.nhn?code=293180
265,유나이티드제약,033270,https://finance.naver.com/sise/sise_market_sum.nhn?code=033270
266,풀무원,017810,https://finance.naver.com/sise/sise_market_sum.nhn?code=017810
267,LX홀딩스,383800,https://finance.naver.com/sise/sise_market_sum.nhn?code=383800
268,대한해운,005880,https://finance.naver.com/sise/sise_market_sum.nhn?code=005880
269,DL건설,001880,https://finance.naver.com/sise/sise_market_sum.nhn?code=001880
270,ARIRANG 200,152100,https://finance.naver.com/sise/sise_market_sum.nhn?code=152100
271,이연제약,102460,https://finance.naver.com/sise/sise_market_sum.nhn?code=102460
272,HDC,012630,https://finance.naver.com/sise/sise_market_sum.nhn?code=012630
273,TIGER KRX2차전지K-뉴딜,364980,https://finance.naver.com/sise/sise_market_sum.nhn?code=364980
274,SPC삼립,005610,https://finance.naver.com/sise/sise_market_sum.nhn?code=005610
275,미래에셋생명,085620,https://finance.naver.com/sise/sise_market_sum.nhn?code=085620
276,동아쏘시오홀딩스,000640,https://finance.naver.com/sise/sise_market_sum.nhn?code=000640
277,현대일렉트릭,267260,https://finance.naver.com/sise/sise_market_sum.nhn?code=267260
278,애경산업,018250,https://finance.naver.com/sise/sise_market_sum.nhn?code=018250
279,락앤락,115390,https://finance.naver.com/sise/sise_market_sum.nhn?code=115390
280,한진중공업,097230,https://finance.naver.com/sise/sise_market_sum.nhn?code=097230
281,KINDEX 200,105190,https://finance.naver.com/sise/sise_market_sum.nhn?code=105190
282,대덕전자,353200,https://finance.naver.com/sise/sise_market_sum.nhn?code=353200
283,코스모신소재,005070,https://finance.naver.com/sise/sise_market_sum.nhn?code=005070
284,한일현대시멘트,006390,https://finance.naver.com/sise/sise_market_sum.nhn?code=006390
285,동아에스티,170900,https://finance.naver.com/sise/sise_market_sum.nhn?code=170900
286,TIGER 미국나스닥100,133690,https://finance.naver.com/sise/sise_market_sum.nhn?code=133690
287,일양약품,007570,https://finance.naver.com/sise/sise_market_sum.nhn?code=007570
288,드림텍,192650,https://finance.naver.com/sise/sise_market_sum.nhn?code=192650
289,SGC에너지,005090,https://finance.naver.com/sise/sise_market_sum.nhn?code=005090
290,덴티움,145720,https://finance.naver.com/sise/sise_market_sum.nhn?code=145720
291,부산가스,015350,https://finance.naver.com/sise/sise_market_sum.nhn?code=015350
292,SK렌터카,068400,https://finance.naver.com/sise/sise_market_sum.nhn?code=068400
293,NICE,034310,https://finance.naver.com/sise/sise_market_sum.nhn?code=034310
294,효성중공업,298040,https://finance.naver.com/sise/sise_market_sum.nhn?code=298040
295,유니드,014830,https://finance.naver.com/sise/sise_market_sum.nhn?code=014830
296,우리금융캐피탈,033660,https://finance.naver.com/sise/sise_market_sum.nhn?code=033660
297,미래에셋증권2우B,00680K,https://finance.naver.com/sise/sise_market_sum.nhn?code=00680K
298,SK디앤디,210980,https://finance.naver.com/sise/sise_market_sum.nhn?code=210980
299,삼양사,145990,https://finance.naver.com/sise/sise_market_sum.nhn?code=145990
300,영원무역홀딩스,009970,https://finance.naver.com/sise/sise_market_sum.nhn?code=009970
301,삼양식품,003230,https://finance.naver.com/sise/sise_market_sum.nhn?code=003230
302,BGF,027410,https://finance.naver.com/sise/sise_market_sum.nhn?code=027410
303,롯데정보통신,286940,https://finance.naver.com/sise/sise_market_sum.nhn?code=286940
304,서울가스,017390,https://finance.naver.com/sise/sise_market_sum.nhn?code=017390
305,롯데손해보험,000400,https://finance.naver.com/sise/sise_market_sum.nhn?code=000400
306,서흥,008490,https://finance.naver.com/sise/sise_market_sum.nhn?code=008490
307,잇츠한불,226320,https://finance.naver.com/sise/sise_market_sum.nhn?code=226320
308,삼성SDI우,006405,https://finance.naver.com/sise/sise_market_sum.nhn?code=006405
309,빙그레,005180,https://finance.naver.com/sise/sise_market_sum.nhn?code=005180
310,JW중외제약,001060,https://finance.naver.com/sise/sise_market_sum.nhn?code=001060
311,제일약품,271980,https://finance.naver.com/sise/sise_market_sum.nhn?code=271980
312,일진다이아,081000,https://finance.naver.com/sise/sise_market_sum.nhn?code=081000
313,삼화콘덴서,001820,https://finance.naver.com/sise/sise_market_sum.nhn?code=001820
314,한국자산신탁,123890,https://finance.naver.com/sise/sise_market_sum.nhn?code=123890
315,한진,002320,https://finance.naver.com/sise/sise_market_sum.nhn?code=002320
316,TIGER TOP10,292150,https://finance.naver.com/sise/sise_market_sum.nhn?code=292150
317,코오롱글로벌,003070,https://finance.naver.com/sise/sise_market_sum.nhn?code=003070
318,한국토지신탁,034830,https://finance.naver.com/sise/sise_market_sum.nhn?code=034830
319,해성디에스,195870,https://finance.naver.com/sise/sise_market_sum.nhn?code=195870
320,교보증권,030610,https://finance.naver.com/sise/sise_market_sum.nhn?code=030610
321,디피씨,026890,https://finance.naver.com/sise/sise_market_sum.nhn?code=026890
322,LF,093050,https://finance.naver.com/sise/sise_market_sum.nhn?code=093050
323,고려제강,002240,https://finance.naver.com/sise/sise_market_sum.nhn?code=002240
324,신영증권,001720,https://finance.naver.com/sise/sise_market_sum.nhn?code=001720
325,신성이엔지,011930,https://finance.naver.com/sise/sise_market_sum.nhn?code=011930
326,한국콜마홀딩스,024720,https://finance.naver.com/sise/sise_market_sum.nhn?code=024720
327,대성홀딩스,016710,https://finance.naver.com/sise/sise_market_sum.nhn?code=016710
328,KODEX 미국FANG플러스(H),314250,https://finance.naver.com/sise/sise_market_sum.nhn?code=314250
329,삼성제약,001360,https://finance.naver.com/sise/sise_market_sum.nhn?code=001360
330,케이씨텍,281820,https://finance.naver.com/sise/sise_market_sum.nhn?code=281820
331,종근당홀딩스,001630,https://finance.naver.com/sise/sise_market_sum.nhn?code=001630
332,한국금융지주우,071055,https://finance.naver.com/sise/sise_market_sum.nhn?code=071055
333,QV 코스피 변동성 매칭형 양매도 ETN,550057,https://finance.naver.com/sise/sise_market_sum.nhn?code=550057
334,KOSEF 200,069660,https://finance.naver.com/sise/sise_market_sum.nhn?code=069660
335,지역난방공사,071320,https://finance.naver.com/sise/sise_market_sum.nhn?code=071320
336,한화손해보험,000370,https://finance.naver.com/sise/sise_market_sum.nhn?code=000370
337,티웨이항공,091810,https://finance.naver.com/sise/sise_market_sum.nhn?code=091810
338,현대퓨처넷,126560,https://finance.naver.com/sise/sise_market_sum.nhn?code=126560
339,한국카본,017960,https://finance.naver.com/sise/sise_market_sum.nhn?code=017960
340,율촌화학,008730,https://finance.naver.com/sise/sise_market_sum.nhn?code=008730
341,아세아시멘트,183190,https://finance.naver.com/sise/sise_market_sum.nhn?code=183190
342,삼성화재우,000815,https://finance.naver.com/sise/sise_market_sum.nhn?code=000815
343,키다리스튜디오,020120,https://finance.naver.com/sise/sise_market_sum.nhn?code=020120
344,KODEX 자동차,091180,https://finance.naver.com/sise/sise_market_sum.nhn?code=091180
345,대한제강,084010,https://finance.naver.com/sise/sise_market_sum.nhn?code=084010
346,스카이라이프,053210,https://finance.naver.com/sise/sise_market_sum.nhn?code=053210
347,태영건설,009410,https://finance.naver.com/sise/sise_market_sum.nhn?code=009410
348,에이프로젠제약,003060,https://finance.naver.com/sise/sise_market_sum.nhn?code=003060
349,남해화학,025860,https://finance.naver.com/sise/sise_market_sum.nhn?code=025860
350,롯데푸드,002270,https://finance.naver.com/sise/sise_market_sum.nhn?code=002270
351,송원산업,004430,https://finance.naver.com/sise/sise_market_sum.nhn?code=004430
352,TIGER KRX BBIG K-뉴딜,364960,https://finance.naver.com/sise/sise_market_sum.nhn?code=364960
353,SK증권,001510,https://finance.naver.com/sise/sise_market_sum.nhn?code=001510
354,교촌에프앤비,339770,https://finance.naver.com/sise/sise_market_sum.nhn?code=339770
355,아세아제지,002310,https://finance.naver.com/sise/sise_market_sum.nhn?code=002310
356,금호건설,002990,https://finance.naver.com/sise/sise_market_sum.nhn?code=002990
357,넥스트사이언스,003580,https://finance.naver.com/sise/sise_market_sum.nhn?code=003580
358,광동제약,009290,https://finance.naver.com/sise/sise_market_sum.nhn?code=009290
359,퍼시스,016800,https://finance.naver.com/sise/sise_market_sum.nhn?code=016800
360,엔에스쇼핑,138250,https://finance.naver.com/sise/sise_market_sum.nhn?code=138250
361,KOSEF 200TR,294400,https://finance.naver.com/sise/sise_market_sum.nhn?code=294400
362,AK홀딩스,006840,https://finance.naver.com/sise/sise_market_sum.nhn?code=006840
363,신성통상,005390,https://finance.naver.com/sise/sise_market_sum.nhn?code=005390
364,LG헬로비전,037560,https://finance.naver.com/sise/sise_market_sum.nhn?code=037560
365,맵스리얼티1,094800,https://finance.naver.com/sise/sise_market_sum.nhn?code=094800
366,한라홀딩스,060980,https://finance.naver.com/sise/sise_market_sum.nhn?code=060980
367,동양,001520,https://finance.naver.com/sise/sise_market_sum.nhn?code=001520
368,한국철강,104700,https://finance.naver.com/sise/sise_market_sum.nhn?code=104700
369,DI동일,001530,https://finance.naver.com/sise/sise_market_sum.nhn?code=001530
370,웅진씽크빅,095720,https://finance.naver.com/sise/sise_market_sum.nhn?code=095720
371,에이프로젠 KIC,007460,https://finance.naver.com/sise/sise_market_sum.nhn?code=007460
372,세진중공업,075580,https://finance.naver.com/sise/sise_market_sum.nhn?code=075580
373,신한알파리츠,293940,https://finance.naver.com/sise/sise_market_sum.nhn?code=293940
374,신영증권우,001725,https://finance.naver.com/sise/sise_market_sum.nhn?code=001725
375,유진투자증권,001200,https://finance.naver.com/sise/sise_market_sum.nhn?code=001200
376,SMART 200TR,295040,https://finance.naver.com/sise/sise_market_sum.nhn?code=295040
377,서연,007860,https://finance.naver.com/sise/sise_market_sum.nhn?code=007860
378,알루코,001780,https://finance.naver.com/sise/sise_market_sum.nhn?code=001780
379,화승인더,006060,https://finance.naver.com/sise/sise_market_sum.nhn?code=006060
380,진흥기업,002780,https://finance.naver.com/sise/sise_market_sum.nhn?code=002780
381,삼성 레버리지 WTI원유 선물 ETN,530031,https://finance.naver.com/sise/sise_market_sum.nhn?code=530031
382,삼성출판사,068290,https://finance.naver.com/sise/sise_market_sum.nhn?code=068290
383,현대차증권,001500,https://finance.naver.com/sise/sise_market_sum.nhn?code=001500
384,대신증권우,003545,https://finance.naver.com/sise/sise_market_sum.nhn?code=003545
385,코람코에너지리츠,357120,https://finance.naver.com/sise/sise_market_sum.nhn?code=357120
386,KH 필룩스,033180,https://finance.naver.com/sise/sise_market_sum.nhn?code=033180
387,이아이디,093230,https://finance.naver.com/sise/sise_market_sum.nhn?code=093230
388,신한 레버리지 WTI원유 선물 ETN(H),500019,https://finance.naver.com/sise/sise_market_sum.nhn?code=500019
389,하이트진로홀딩스,000140,https://finance.naver.com/sise/sise_market_sum.nhn?code=000140
390,남양유업,003920,https://finance.naver.com/sise/sise_market_sum.nhn?code=003920
391,이리츠코크렙,088260,https://finance.naver.com/sise/sise_market_sum.nhn?code=088260
392,동화약품,000020,https://finance.naver.com/sise/sise_market_sum.nhn?code=000020
393,HSD엔진,082740,https://finance.naver.com/sise/sise_market_sum.nhn?code=082740
394,대상홀딩스,084690,https://finance.naver.com/sise/sise_market_sum.nhn?code=084690
395,KODEX 코스닥 150,229200,https://finance.naver.com/sise/sise_market_sum.nhn?code=229200
396,KTB투자증권,030210,https://finance.naver.com/sise/sise_market_sum.nhn?code=030210
397,세아홀딩스,058650,https://finance.naver.com/sise/sise_market_sum.nhn?code=058650
398,KODEX 코스닥150선물인버스,251340,https://finance.naver.com/sise/sise_market_sum.nhn?code=251340
399,쌍용차,003620,https://finance.naver.com/sise/sise_market_sum.nhn?code=003620
400,삼성 코스피 양매도 5% OTM ETN,530060,https://finance.naver.com/sise/sise_market_sum.nhn?code=530060
401,선진,136490,https://finance.naver.com/sise/sise_market_sum.nhn?code=136490
402,한일홀딩스,003300,https://finance.naver.com/sise/sise_market_sum.nhn?code=003300
403,KG케미칼,001390,https://finance.naver.com/sise/sise_market_sum.nhn?code=001390
404,하나제약,293480,https://finance.naver.com/sise/sise_market_sum.nhn?code=293480
405,환인제약,016580,https://finance.naver.com/sise/sise_market_sum.nhn?code=016580
406,자이에스앤디,317400,https://finance.naver.com/sise/sise_market_sum.nhn?code=317400
407,경방,000050,https://finance.naver.com/sise/sise_market_sum.nhn?code=000050
408,현대리바트,079430,https://finance.naver.com/sise/sise_market_sum.nhn?code=079430
409,모토닉,009680,https://finance.naver.com/sise/sise_market_sum.nhn?code=009680
410,E1,017940,https://finance.naver.com/sise/sise_market_sum.nhn?code=017940
411,남선알미늄,008350,https://finance.naver.com/sise/sise_market_sum.nhn?code=008350
412,삼양패키징,272550,https://finance.naver.com/sise/sise_market_sum.nhn?code=272550
413,제일파마홀딩스,002620,https://finance.naver.com/sise/sise_market_sum.nhn?code=002620
414,이월드,084680,https://finance.naver.com/sise/sise_market_sum.nhn?code=084680
415,국도화학,007690,https://finance.naver.com/sise/sise_market_sum.nhn?code=007690
416,삼부토건,001470,https://finance.naver.com/sise/sise_market_sum.nhn?code=001470
417,신세계푸드,031440,https://finance.naver.com/sise/sise_market_sum.nhn?code=031440
418,대교,019680,https://finance.naver.com/sise/sise_market_sum.nhn?code=019680
419,자화전자,033240,https://finance.naver.com/sise/sise_market_sum.nhn?code=033240
420,삼천리,004690,https://finance.naver.com/sise/sise_market_sum.nhn?code=004690
421,덕성,004830,https://finance.naver.com/sise/sise_market_sum.nhn?code=004830
422,애경유화,161000,https://finance.naver.com/sise/sise_market_sum.nhn?code=161000
423,코오롱,002020,https://finance.naver.com/sise/sise_market_sum.nhn?code=002020
424,한세예스24홀딩스,016450,https://finance.naver.com/sise/sise_market_sum.nhn?code=016450
425,한독,002390,https://finance.naver.com/sise/sise_market_sum.nhn?code=002390
426,CJ4우(전환),00104K,https://finance.naver.com/sise/sise_market_sum.nhn?code=00104K
427,일동제약,249420,https://finance.naver.com/sise/sise_market_sum.nhn?code=249420
428,농심홀딩스,072710,https://finance.naver.com/sise/sise_market_sum.nhn?code=072710
429,YG PLUS,037270,https://finance.naver.com/sise/sise_market_sum.nhn?code=037270
430,엘브이엠씨홀딩스,900140,https://finance.naver.com/sise/sise_market_sum.nhn?code=900140
431,디티알오토모티브,007340,https://finance.naver.com/sise/sise_market_sum.nhn?code=007340
432,아이마켓코리아,122900,https://finance.naver.com/sise/sise_market_sum.nhn?code=122900
433,한솔제지,213500,https://finance.naver.com/sise/sise_market_sum.nhn?code=213500
434,삼진제약,005500,https://finance.naver.com/sise/sise_market_sum.nhn?code=005500
435,조광피혁,004700,https://finance.naver.com/sise/sise_market_sum.nhn?code=004700
436,KODEX 코스피,226490,https://finance.naver.com/sise/sise_market_sum.nhn?code=226490
437,조선내화,000480,https://finance.naver.com/sise/sise_market_sum.nhn?code=000480
438,휴비스,079980,https://finance.naver.com/sise/sise_market_sum.nhn?code=079980
439,한국쉘석유,002960,https://finance.naver.com/sise/sise_market_sum.nhn?code=002960
440,아모레G3우(전환),00279K,https://finance.naver.com/sise/sise_market_sum.nhn?code=00279K
441,포스코강판,058430,https://finance.naver.com/sise/sise_market_sum.nhn?code=058430
442,케이씨,029460,https://finance.naver.com/sise/sise_market_sum.nhn?code=029460
443,유양디앤유,011690,https://finance.naver.com/sise/sise_market_sum.nhn?code=011690
444,KISCO홀딩스,001940,https://finance.naver.com/sise/sise_market_sum.nhn?code=001940
445,신대양제지,016590,https://finance.naver.com/sise/sise_market_sum.nhn?code=016590
446,KBSTAR ESG사회책임투자,290130,https://finance.naver.com/sise/sise_market_sum.nhn?code=290130
447,현대에너지솔루션,322000,https://finance.naver.com/sise/sise_market_sum.nhn?code=322000
448,한화3우B,00088K,https://finance.naver.com/sise/sise_market_sum.nhn?code=00088K
449,신도리코,029530,https://finance.naver.com/sise/sise_market_sum.nhn?code=029530
450,SNT홀딩스,036530,https://finance.naver.com/sise/sise_market_sum.nhn?code=036530
451,대원제약,003220,https://finance.naver.com/sise/sise_market_sum.nhn?code=003220
452,삼화페인트,000390,https://finance.naver.com/sise/sise_market_sum.nhn?code=000390
453,TIGER 미국S&P500;,360750,https://finance.naver.com/sise/sise_market_sum.nhn?code=360750
454,이수화학,005950,https://finance.naver.com/sise/sise_market_sum.nhn?code=005950
455,KINDEX 200TR,332500,https://finance.naver.com/sise/sise_market_sum.nhn?code=332500
456,무림P&P;,009580,https://finance.naver.com/sise/sise_market_sum.nhn?code=009580
457,금호석유우,011785,https://finance.naver.com/sise/sise_market_sum.nhn?code=011785
458,태림포장,011280,https://finance.naver.com/sise/sise_market_sum.nhn?code=011280
459,인스코비,006490,https://finance.naver.com/sise/sise_market_sum.nhn?code=006490
460,SNT중공업,003570,https://finance.naver.com/sise/sise_market_sum.nhn?code=003570
461,JW홀딩스,096760,https://finance.naver.com/sise/sise_market_sum.nhn?code=096760
462,계룡건설,013580,https://finance.naver.com/sise/sise_market_sum.nhn?code=013580
463,사조산업,007160,https://finance.naver.com/sise/sise_market_sum.nhn?code=007160
464,KPX케미칼,025000,https://finance.naver.com/sise/sise_market_sum.nhn?code=025000
465,코스모화학,005420,https://finance.naver.com/sise/sise_market_sum.nhn?code=005420
466,성신양회,004980,https://finance.naver.com/sise/sise_market_sum.nhn?code=004980
467,경농,002100,https://finance.naver.com/sise/sise_market_sum.nhn?code=002100
468,KODEX Top5PlusTR,315930,https://finance.naver.com/sise/sise_market_sum.nhn?code=315930
469,광주신세계,037710,https://finance.naver.com/sise/sise_market_sum.nhn?code=037710
470,세아제강,306200,https://finance.naver.com/sise/sise_market_sum.nhn?code=306200
471,종근당바이오,063160,https://finance.naver.com/sise/sise_market_sum.nhn?code=063160
472,동부건설,005960,https://finance.naver.com/sise/sise_market_sum.nhn?code=005960
473,TIGER CD금리투자KIS(합성),357870,https://finance.naver.com/sise/sise_market_sum.nhn?code=357870
474,유니퀘스트,077500,https://finance.naver.com/sise/sise_market_sum.nhn?code=077500
475,삼성전기우,009155,https://finance.naver.com/sise/sise_market_sum.nhn?code=009155
476,대한제당,001790,https://finance.naver.com/sise/sise_market_sum.nhn?code=001790
477,삼영무역,002810,https://finance.naver.com/sise/sise_market_sum.nhn?code=002810
478,도화엔지니어링,002150,https://finance.naver.com/sise/sise_market_sum.nhn?code=002150
479,TIGER 차이나CSI300,192090,https://finance.naver.com/sise/sise_market_sum.nhn?code=192090
480,DB금융투자,016610,https://finance.naver.com/sise/sise_market_sum.nhn?code=016610
481,JW생명과학,234080,https://finance.naver.com/sise/sise_market_sum.nhn?code=234080
482,동성케미컬,102260,https://finance.naver.com/sise/sise_market_sum.nhn?code=102260
483,신세계 I&C;,035510,https://finance.naver.com/sise/sise_market_sum.nhn?code=035510
484,해태제과식품,101530,https://finance.naver.com/sise/sise_market_sum.nhn?code=101530
485,STX엔진,077970,https://finance.naver.com/sise/sise_market_sum.nhn?code=077970
486,그린케미칼,083420,https://finance.naver.com/sise/sise_market_sum.nhn?code=083420
487,KBSTAR 국고채3년선물인버스,282000,https://finance.naver.com/sise/sise_market_sum.nhn?code=282000
488,경보제약,214390,https://finance.naver.com/sise/sise_market_sum.nhn?code=214390
489,코리아써키트,007810,https://finance.naver.com/sise/sise_market_sum.nhn?code=007810
490,LS네트웍스,000680,https://finance.naver.com/sise/sise_market_sum.nhn?code=000680
491,풍산홀딩스,005810,https://finance.naver.com/sise/sise_market_sum.nhn?code=005810
492,대한제분,001130,https://finance.naver.com/sise/sise_market_sum.nhn?code=001130
493,KPX홀딩스,092230,https://finance.naver.com/sise/sise_market_sum.nhn?code=092230
494,IHQ,003560,https://finance.naver.com/sise/sise_market_sum.nhn?code=003560
495,흥국화재,000540,https://finance.naver.com/sise/sise_market_sum.nhn?code=000540
496,KEC,092220,https://finance.naver.com/sise/sise_market_sum.nhn?code=092220
497,경인양행,012610,https://finance.naver.com/sise/sise_market_sum.nhn?code=012610
498,SBS미디어홀딩스,101060,https://finance.naver.com/sise/sise_market_sum.nhn?code=101060
499,현대비앤지스틸,004560,https://finance.naver.com/sise/sise_market_sum.nhn?code=004560
